0.098145, 1003.751099, -3137.438965, 1531.262085, -1451.894653, -124.424156, 1125.970337, -242, -4927, 26457, -3.050100, -2.800000, 1.281200
0.114502, 979.962219, -3139.485107, 1549.581177, -1451.166748, -124.365143, 1114.756958, 417, -4707, 26709, -3.050100, -2.800000, 1.281200
0.130859, 956.178467, -3141.531006, 1567.721069, -1450.438843, -124.306122, 1103.543701, 1068, -4471, 26976, -3.050100, -2.800000, 1.281200
0.147217, 932.408936, -3143.572510, 1585.671875, -1449.711060, -124.247101, 1092.334961, 1713, -4218, 27259, -3.050100, -2.800000, 1.281200
0.163574, 908.648865, -3145.598877, 1603.444580, -1448.983154, -124.188087, 1081.141357, 2353, -3942, 27558, -3.050100, -2.800000, 1.281200
0.179932, 884.904419, -3147.625000, 1621.027466, -1448.255249, -124.129074, 1069.947876, 2983, -3643, 27881, -3.050100, -2.800000, 1.281200
0.196289, 861.173340, -3149.651123, 1638.432983, -1447.527344, -124.070053, 1058.754395, 3604, -3315, 28233, -3.050100, -2.800000, 1.281200
0.212646, 837.451538, -3151.677490, 1655.647949, -1446.799438, -124.011040, 1047.573853, 4211, -2956, 28616, -3.050100, -2.800000, 1.281200
0.229004, 813.746521, -3153.703857, 1672.686279, -1446.071533, -123.952026, 1036.400024, 4804, -2565, 29028, -3.050100, -2.800000, 1.281200
0.245361, 790.043701, -3155.729980, 1689.533447, -1445.343750, -123.893005, 1025.226074, 5384, -2135, 29479, -3.050100, -2.800000, 1.281200
0.261719, 766.358276, -3157.756348, 1706.204590, -1444.615845, -123.833984, 1014.054260, 5945, -1662, 29975, -3.050100, -2.800000, 1.281200
0.278076, 742.684631, -3159.782471, 1722.693848, -1443.887939, -123.774971, 1002.900085, 6485, -1137, 30518, -3.050100, -2.800000, 1.281200
0.294434, 719.020203, -3161.808838, 1738.997681, -1443.160156, -123.715950, 991.745850, 7002, -558, 31114, -3.050100, -2.800000, 1.281200
0.310791, 695.374146, -3163.834961, 1755.119019, -1442.432251, -123.656937, 980.591736, 7488, 83, 31770, -3.050100, -2.800000, 1.281200
0.327148, 671.738831, -3165.861328, 1771.055786, -1441.704346, -123.597923, 969.448242, 7943, 794, 32497, -3.050100, -2.800000, 1.281200
0.343506, 648.112366, -3167.887451, 1786.809326, -1440.976562, -123.538910, 958.313721, 8355, 1579, -32239, -3.050100, -2.800000, 1.281200
0.359863, 624.496033, -3169.913574, 1802.378784, -1440.248657, -123.479889, 947.179199, 8721, 2442, -31360, -3.050100, -2.800000, 1.281200
0.376221, 600.889282, -3171.939941, 1817.772949, -1439.520752, -123.420868, 936.044800, 9036, 3382, -30404, -3.050100, -2.800000, 1.281200
0.392578, 577.302002, -3173.966309, 1832.973389, -1438.792969, -123.361855, 924.929626, 9289, 4395, -29376, -3.050100, -2.800000, 1.281200
0.408936, 553.723999, -3175.992432, 1847.999634, -1438.064941, -123.302834, 913.814819, 9477, 5471, -28284, -3.050100, -2.800000, 1.281200
0.425293, 530.156616, -3178.018555, 1862.841675, -1437.337036, -123.243820, 902.699951, 9587, 6594, -27145, -3.050100, -2.800000, 1.281200
0.441650, 506.607666, -3180.044922, 1877.501221, -1436.627563, -123.184807, 891.593567, 9621, 7742, -25981, -3.050100, -2.800000, 1.281200
0.458008, 483.059967, -3182.071289, 1891.985352, -1435.919434, -123.125786, 880.498352, 9576, 8889, -24817, -3.050100, -2.800000, 1.281200
0.474365, 459.529999, -3184.097412, 1906.277710, -1435.211304, -123.066772, 869.403259, 9458, 10010, -23681, -3.050100, -2.800000, 1.281200
0.490723, 436.009369, -3186.106201, 1920.394165, -1434.503052, -123.007759, 858.308044, 9267, 11083, -22593, -3.050100, -2.800000, 1.281200
0.507080, 412.501038, -3188.112793, 1934.326294, -1433.794800, -122.948730, 847.229980, 9008, 12092, -21566, -3.050100, -2.800000, 1.281200
0.523438, 389.009430, -3190.119385, 1948.077637, -1433.086670, -122.889717, 836.154480, 8689, 13029, -20614, -3.050100, -2.800000, 1.281200
0.539795, 367.990448, -3192.357422, 1954.320068, -1136.457520, -150.093933, -23.985168, 8187, 13179, -20730, -1.812353, 2.759282, 0.948240
0.556152, 352.055908, -3195.072266, 1945.928101, -971.737366, -165.145584, -505.608887, 7603, 12392, -22086, -1.125600, 5.843800, 0.763500
0.572510, 336.137177, -3197.787109, 1937.514771, -971.245544, -165.066895, -516.015503, 7026, 11808, -23190, -1.125600, 5.843800, 0.763500
0.588867, 320.222290, -3200.486328, 1928.927246, -970.753723, -164.988205, -526.416687, 6405, 11329, -24205, -1.125600, 5.843800, 0.763500
0.605225, 304.312561, -3203.181396, 1920.170776, -970.261963, -164.909515, -536.803650, 5751, 10939, -25149, -1.125600, 5.843800, 0.763500
0.621582, 288.417389, -3205.876465, 1911.244873, -969.770142, -164.830826, -547.190613, 5072, 10632, -26029, -1.125600, 5.843800, 0.763500
0.637939, 272.522186, -3208.571533, 1902.144775, -969.278320, -164.752136, -557.577576, 4372, 10397, -26862, -1.125600, 5.843800, 0.763500
0.654297, 256.641113, -3211.266602, 1892.880615, -968.786499, -164.673447, -567.950378, 3658, 10230, -27652, -1.125600, 5.843800, 0.763500
0.670654, 240.765610, -3213.961914, 1883.442261, -968.294739, -164.594757, -578.317688, 2936, 10123, -28410, -1.125600, 5.843800, 0.763500
0.687012, 224.893585, -3216.656982, 1873.833374, -967.802917, -164.516068, -588.684937, 2207, 10070, -29150, -1.125600, 5.843800, 0.763500
0.703369, 209.037735, -3219.352051, 1864.056641, -967.311096, -164.437378, -599.052246, 1475, 10072, -29876, -1.125600, 5.843800, 0.763500
0.719727, 193.181885, -3222.047119, 1854.105591, -966.819275, -164.358688, -609.406677, 744, 10122, -30600, -1.125600, 5.843800, 0.763500
0.736084, 177.338547, -3224.742188, 1843.990601, -966.327515, -164.279999, -619.754333, 21, 10224, -31324, -1.125600, 5.843800, 0.763500
0.752441, 161.502380, -3227.437256, 1833.701538, -965.835693, -164.201309, -630.101868, -694, 10375, -32053, -1.125600, 5.843800, 0.763500
0.768799, 145.678055, -3230.132324, 1823.240112, -965.343872, -164.122620, -640.447693, -1397, 10577, 32737, -1.125600, 5.843800, 0.763500
0.785156, 129.861557, -3232.827393, 1812.612549, -964.862061, -164.043945, -650.775635, -2084, 10834, 31968, -1.125600, 5.843800, 0.763500
0.801514, 114.046234, -3235.522705, 1801.820801, -964.381470, -163.965256, -661.103577, -2747, 11144, 31171, -1.125600, 5.843800, 0.763500
0.817871, 98.249405, -3238.216797, 1790.854858, -963.909363, -163.886566, -671.431519, -3387, 11509, 30339, -1.125600, 5.843800, 0.763500
0.834229, 82.452576, -3240.892334, 1779.715576, -963.437195, -163.807861, -681.748901, -3996, 11937, 29468, -1.125600, 5.843800, 0.763500
0.850586, 66.665955, -3243.567871, 1768.411011, -962.965088, -163.729172, -692.057190, -4566, 12433, 28543, -1.125600, 5.843800, 0.763500
0.866943, 50.888798, -3246.243164, 1756.942017, -962.492920, -163.650482, -702.365417, -5097, 12996, 27566, -1.125600, 5.843800, 0.763500
0.883301, 35.111649, -3248.918701, 1745.297729, -962.020752, -163.571793, -712.673706, -5574, 13629, 26537, -1.125600, 5.843800, 0.763500
0.899658, 19.353714, -3251.593994, 1733.489502, -961.548645, -163.493103, -722.972778, -5993, 14331, 25446, -1.125600, 5.843800, 0.763500
0.916016, 3.596228, -3254.269531, 1721.507080, -961.076538, -163.414429, -733.261292, -6346, 15099, 24296, -1.125600, 5.843800, 0.763500
0.932373, -12.152689, -3256.944824, 1709.359131, -960.604431, -163.335739, -743.549927, -6623, 15929, 23087, -1.125600, 5.843800, 0.763500
0.948730, -27.890499, -3259.620361, 1697.038208, -960.132263, -163.257050, -753.838562, -6819, 16808, 21837, -1.125600, 5.843800, 0.763500
0.965088, -43.628311, -3262.295654, 1684.553101, -959.660156, -163.178360, -764.119202, -6930, 17718, 20559, -1.125600, 5.843800, 0.763500
0.981445, -59.348537, -3264.971191, 1671.901611, -959.188049, -163.099670, -774.388123, -6948, 18646, 19261, -1.125600, 5.843800, 0.763500
0.997803, -75.066673, -3267.646729, 1659.078003, -958.715820, -163.020981, -784.657043, -6881, 19565, 17971, -1.125600, 5.843800, 0.763500
1.014160, -90.777885, -3270.322021, 1646.090332, -958.243713, -162.942291, -794.925964, -6724, 20459, 16708, -1.125600, 5.843800, 0.763500
1.030518, -106.476357, -3272.997559, 1632.935181, -957.771606, -162.863602, -805.178345, -6482, 21313, 15481, -1.125600, 5.843800, 0.763500
1.046875, -122.174820, -3275.672852, 1619.608887, -957.299438, -162.784912, -815.427551, -6164, 22112, 14304, -1.125600, 5.843800, 0.763500
1.063232, -137.857346, -3278.348389, 1606.118652, -956.827332, -162.706223, -825.676758, -5776, 22846, 13185, -1.125600, 5.843800, 0.763500
1.079590, -153.536133, -3281.008057, 1592.454224, -956.355225, -162.627533, -835.926025, -5325, 23510, 12125, -1.125600, 5.843800, 0.763500
1.095947, -169.209641, -3283.663818, 1578.620972, -955.883057, -162.548843, -846.159973, -4820, 24104, 11126, -1.125600, 5.843800, 0.763500
1.112305, -184.868759, -3286.319580, 1564.618042, -955.410889, -162.470154, -856.389587, -4268, 24629, 10185, -1.125600, 5.843800, 0.763500
1.128662, -200.527878, -3288.975342, 1550.451050, -954.938782, -162.391464, -866.619141, -3678, 25086, 9295, -1.125600, 5.843800, 0.763500
1.145020, -216.172699, -3291.631104, 1536.114258, -954.466675, -162.312775, -876.844421, -3057, 25481, 8446, -1.125600, 5.843800, 0.763500
1.161377, -231.812149, -3294.286865, 1521.618652, -953.994507, -162.234085, -887.054321, -2407, 25816, 7634, -1.125600, 5.843800, 0.763500
1.177734, -247.447937, -3296.942627, 1506.952637, -953.522400, -162.155396, -897.264221, -1734, 26096, 6854, -1.125600, 5.843800, 0.763500
1.194092, -263.067719, -3299.598389, 1492.118530, -953.050232, -162.076706, -907.474182, -1042, 26323, 6103, -1.125600, 5.843800, 0.763500
1.210449, -278.687500, -3302.254150, 1477.120239, -952.578125, -161.998016, -917.681091, -335, 26500, 5369, -1.125600, 5.843800, 0.763500
1.226807, -294.294617, -3304.909912, 1461.950684, -952.105957, -161.919327, -927.871277, 382, 26626, 4647, -1.125600, 5.843800, 0.763500
1.243164, -309.894714, -3307.565674, 1446.613892, -951.633850, -161.840637, -938.061523, 1106, 26703, 3931, -1.125600, 5.843800, 0.763500
1.259521, -325.492828, -3310.221436, 1431.113159, -951.161682, -161.761948, -948.251709, 1835, 26732, 3214, -1.125600, 5.843800, 0.763500
1.275879, -341.073242, -3312.877197, 1415.439819, -950.689575, -161.683273, -958.430298, 2562, 26708, 2485, -1.125600, 5.843800, 0.763500
1.292236, -356.653687, -3315.532959, 1399.600464, -950.217468, -161.604584, -968.600830, 3285, 26629, 1740, -1.125600, 5.843800, 0.763500
1.308594, -372.223083, -3318.188477, 1383.597046, -949.745300, -161.525879, -978.771423, 4001, 26491, 966, -1.125600, 5.843800, 0.763500
1.324951, -387.783844, -3320.833740, 1367.420288, -949.273193, -161.447189, -988.941956, 4705, 26292, 163, -1.125600, 5.843800, 0.763500
1.341309, -403.344238, -3323.469727, 1351.088257, -948.801086, -161.368500, -999.102173, 5393, 26026, -686, -1.125600, 5.843800, 0.763500
1.357666, -418.885315, -3326.105957, 1334.582153, -948.328857, -161.289810, -1009.253052, 6061, 25683, -1592, -1.125600, 5.843800, 0.763500
1.374023, -434.426422, -3328.742188, 1317.910522, -947.856750, -161.211121, -1019.403931, 6699, 25259, -2563, -1.125600, 5.843800, 0.763500
1.390381, -449.958130, -3331.378174, 1301.073975, -947.384644, -161.132431, -1029.554810, 7302, 24734, -3615, -1.125600, 5.843800, 0.763500
1.406738, -465.479523, -3334.014160, 1284.063599, -946.912476, -161.053757, -1039.696655, 7859, 24105, -4759, -1.125600, 5.843800, 0.763500
1.423096, -481.000946, -3336.650146, 1266.897827, -946.440369, -160.975067, -1049.827881, 8358, 23360, -6008, -1.125600, 5.843800, 0.763500
1.439453, -496.503937, -3339.286377, 1249.559082, -945.968262, -160.896378, -1059.959106, 8785, 22495, -7368, -1.125600, 5.843800, 0.763500
1.455811, -512.005676, -3341.922363, 1232.056030, -945.496094, -160.817688, -1070.090332, 9131, 21514, -8836, -1.125600, 5.843800, 0.763500
1.472168, -527.499634, -3344.558594, 1214.386719, -945.023926, -160.738998, -1080.203735, 9382, 20430, -10401, -1.125600, 5.843800, 0.763500
1.488525, -542.981812, -3347.194580, 1196.555176, -944.551819, -160.660309, -1090.315308, 9525, 19268, -12041, -1.125600, 5.843800, 0.763500
1.504883, -558.463867, -3349.830811, 1178.556641, -944.079651, -160.581619, -1100.426880, 9553, 18072, -13717, -1.125600, 5.843800, 0.763500
1.521240, -573.929138, -3352.466797, 1160.386719, -943.607544, -160.502930, -1110.538330, 9465, 16890, -15381, -1.125600, 5.843800, 0.763500
1.537598, -589.391541, -3355.102783, 1142.058960, -943.135437, -160.424240, -1120.633545, 9263, 15763, -16988, -1.125600, 5.843800, 0.763500
1.553955, -604.847839, -3357.739014, 1123.560425, -942.663330, -160.345551, -1130.725342, 8959, 14731, -18507, -1.125600, 5.843800, 0.763500
1.570312, -620.290527, -3360.375000, 1104.903564, -942.191162, -160.266861, -1140.817261, 8563, 13810, -19917, -1.125600, 5.843800, 0.763500
1.586670, -635.733276, -3362.995605, 1086.076294, -941.719055, -160.188171, -1150.909180, 8094, 13009, -21219, -1.125600, 5.843800, 0.763500
1.603027, -651.160889, -3365.612061, 1067.085083, -941.246887, -160.109482, -1160.985840, 7560, 12324, -22413, -1.125600, 5.843800, 0.763500
1.619385, -666.583923, -3368.228516, 1047.924683, -940.774719, -160.030792, -1171.058105, 6977, 11750, -23507, -1.125600, 5.843800, 0.763500
1.635742, -682.002502, -3370.844971, 1028.604980, -940.302612, -159.952103, -1181.130249, 6350, 11276, -24515, -1.125600, 5.843800, 0.763500
1.652100, -697.405884, -3373.461182, 1009.115234, -939.830505, -159.873413, -1191.198242, 5692, 10894, -25450, -1.125600, 5.843800, 0.763500
1.668457, -712.809265, -3376.077637, 989.466980, -939.358337, -159.794724, -1201.250732, 5010, 10591, -26326, -1.125600, 5.843800, 0.763500
1.684814, -728.199158, -3378.694092, 969.648132, -938.886230, -159.716034, -1211.303467, 4311, 10365, -27148, -1.125600, 5.843800, 0.763500
1.701172, -743.582886, -3381.310547, 949.671326, -938.414124, -159.637344, -1221.355957, 3596, 10202, -27937, -1.125600, 5.843800, 0.763500
1.717529, -758.963745, -3383.926758, 929.523254, -937.941895, -159.558655, -1231.405518, 2871, 10100, -28696, -1.125600, 5.843800, 0.763500
1.733887, -774.327820, -3386.543457, 909.217957, -937.469788, -159.479965, -1241.438354, 2139, 10053, -29434, -1.125600, 5.843800, 0.763500
1.750244, -789.691833, -3389.159668, 888.740662, -936.997681, -159.401291, -1251.471313, 1407, 10059, -30161, -1.125600, 5.843800, 0.763500
1.766602, -805.044006, -3391.776123, 868.106873, -936.525574, -159.322601, -1261.504150, 676, 10115, -30880, -1.125600, 5.843800, 0.763500
1.782959, -820.388367, -3394.392578, 847.300415, -936.053406, -159.243912, -1271.535522, -48, 10222, -31604, -1.125600, 5.843800, 0.763500
1.799316, -835.731567, -3397.008789, 826.338013, -935.581299, -159.165207, -1281.548584, -763, 10379, -32333, -1.125600, 5.843800, 0.763500
1.815674, -851.056274, -3399.624512, 805.202393, -935.109192, -159.086517, -1291.561890, -1467, 10586, 32459, -1.125600, 5.843800, 0.763500
1.832031, -866.380920, -3402.221191, 783.911499, -934.637024, -159.007828, -1301.574951, -2151, 10848, 31687, -1.125600, 5.843800, 0.763500
1.848389, -881.695435, -3404.818115, 762.446716, -934.164856, -158.929138, -1311.588013, -2815, 11164, 30887, -1.125600, 5.843800, 0.763500
1.864746, -897.000427, -3407.414795, 740.826721, -933.692749, -158.850449, -1321.581543, -3452, 11542, 30050, -1.125600, 5.843800, 0.763500
1.881104, -912.305420, -3410.011475, 719.031494, -933.220581, -158.771759, -1331.574951, -4059, 11981, 29173, -1.125600, 5.843800, 0.763500
1.897461, -927.591248, -3412.608154, 697.081482, -932.748474, -158.693085, -1341.568481, -4627, 12483, 28247, -1.125600, 5.843800, 0.763500
1.913818, -942.876587, -3415.204834, 674.957764, -932.276367, -158.614395, -1351.553101, -5152, 13054, 27266, -1.125600, 5.843800, 0.763500
1.930176, -958.153320, -3417.801758, 652.678528, -931.804199, -158.535706, -1361.526978, -5624, 13695, 26227, -1.125600, 5.843800, 0.763500
1.946533, -973.419067, -3420.398438, 630.236328, -931.332092, -158.457016, -1371.500854, -6038, 14405, 25126, -1.125600, 5.843800, 0.763500
1.962891, -988.684753, -3422.995361, 607.627869, -930.859924, -158.378326, -1381.474731, -6383, 15186, 23967, -1.125600, 5.843800, 0.763500
1.979248, -1003.932800, -3425.591797, 584.857117, -930.387817, -158.299637, -1391.440796, -6656, 16022, 22756, -1.125600, 5.843800, 0.763500
1.995605, -1019.178833, -3428.188477, 561.919495, -929.915649, -158.220947, -1401.395142, -6844, 16906, 21502, -1.125600, 5.843800, 0.763500
2.011963, -1034.417847, -3430.785400, 538.827148, -929.443542, -158.142258, -1411.349243, -6945, 17820, 20218, -1.125600, 5.843800, 0.763500
2.028320, -1049.644287, -3433.382080, 515.563416, -928.971375, -158.063568, -1421.303467, -6955, 18748, 18920, -1.125600, 5.843800, 0.763500
2.044678, -1064.870605, -3435.978760, 492.141876, -928.499268, -157.984879, -1431.251343, -6877, 19668, 17630, -1.125600, 5.843800, 0.763500
2.061035, -1080.080933, -3438.575684, 468.559662, -928.027161, -157.906189, -1441.185791, -6709, 20562, 16368, -1.125600, 5.843800, 0.763500
2.077393, -1095.287598, -3441.156738, 444.808929, -927.554993, -157.827499, -1451.120239, -6461, 21410, 15143, -1.125600, 5.843800, 0.763500
2.093750, -1110.489014, -3443.733887, 420.898132, -927.082825, -157.748810, -1461.054688, -6137, 22204, 13971, -1.125600, 5.843800, 0.763500
2.110107, -1125.675903, -3446.310791, 396.818207, -926.610718, -157.670120, -1470.984253, -5743, 22933, 12856, -1.125600, 5.843800, 0.763500
2.126465, -1140.862915, -3448.887939, 372.583557, -926.138611, -157.591431, -1480.899048, -5287, 23593, 11801, -1.125600, 5.843800, 0.763500
2.142822, -1156.035522, -3451.465088, 348.179810, -925.666443, -157.512741, -1490.813965, -4776, 24179, 10809, -1.125600, 5.843800, 0.763500
2.159180, -1171.202881, -3454.041992, 323.615967, -925.208313, -157.434052, -1500.728760, -4219, 24699, 9872, -1.125600, 5.843800, 0.763500
2.175537, -1186.366577, -3456.619141, 298.893677, -924.755859, -157.355362, -1510.629883, -3623, 25151, 8988, -1.125600, 5.843800, 0.763500
2.191895, -1201.514160, -3459.196289, 274.000641, -924.303406, -157.276672, -1520.525024, -2996, 25542, 8145, -1.125600, 5.843800, 0.763500
2.208252, -1216.661865, -3461.773193, 248.952866, -923.850952, -157.197983, -1530.420166, -2339, 25871, 7340, -1.125600, 5.843800, 0.763500
2.224609, -1231.806885, -3464.350342, 223.747650, -923.398438, -157.119293, -1540.315308, -1662, 26147, 6565, -1.125600, 5.843800, 0.763500
2.240967, -1246.934814, -3466.927246, 198.370651, -922.945984, -157.040619, -1550.198120, -964, 26368, 5815, -1.125600, 5.843800, 0.763500
2.257324, -1262.062744, -3469.504395, 172.838928, -922.493530, -156.961929, -1560.073608, -255, 26539, 5082, -1.125600, 5.843800, 0.763500
2.273682, -1277.179077, -3472.081543, 147.140747, -922.041077, -156.883224, -1569.949097, 466, 26656, 4362, -1.125600, 5.843800, 0.763500
2.290039, -1292.287354, -3474.658691, 121.279816, -921.588623, -156.804535, -1579.824585, 1191, 26727, 3646, -1.125600, 5.843800, 0.763500
2.306396, -1307.394653, -3477.235596, 95.264145, -921.136169, -156.725845, -1589.688965, 1923, 26748, 2926, -1.125600, 5.843800, 0.763500
2.322754, -1318.778198, -3479.148682, 98.200966, -505.270782, -82.548576, 955.869080, 1866, 26881, 2951, 0.904600, -5.537400, 0.763500
2.339111, -1327.060181, -3480.506348, 113.727974, -505.015045, -82.509232, 944.734558, 1138, 27100, 3584, 0.904600, -5.537400, 0.763500
2.355469, -1335.342163, -3481.863525, 129.080826, -504.759277, -82.469894, 933.600159, 398, 27276, 4202, 0.904600, -5.537400, 0.763500
2.371826, -1343.614502, -3483.220947, 144.248581, -504.503571, -82.430550, 922.485291, -350, 27406, 4804, 0.904600, -5.537400, 0.763500
2.388184, -1351.876831, -3484.578369, 159.232590, -504.247833, -82.391205, 911.370483, -1105, 27490, 5402, 0.904600, -5.537400, 0.763500
2.404541, -1360.139282, -3485.935791, 174.032211, -503.992065, -82.351860, 900.255676, -1860, 27535, 6000, 0.904600, -5.537400, 0.763500
2.420898, -1368.401489, -3487.292969, 188.648987, -503.736359, -82.312515, 889.159546, -2616, 27534, 6601, 0.904600, -5.537400, 0.763500
2.437256, -1376.663940, -3488.650635, 203.090744, -503.480621, -82.273170, 878.064392, -3371, 27486, 7218, 0.904600, -5.537400, 0.763500
2.453613, -1384.908203, -3489.999756, 217.348373, -503.224854, -82.233826, 866.969238, -4127, 27389, 7853, 0.904600, -5.537400, 0.763500
2.469971, -1393.150879, -3491.337646, 231.424164, -502.969147, -82.194481, 855.881836, -4872, 27237, 8519, 0.904600, -5.537400, 0.763500
2.486328, -1401.393555, -3492.675293, 245.313950, -502.713379, -82.155136, 844.806396, -5609, 27025, 9225, 0.904600, -5.537400, 0.763500
2.502686, -1409.636230, -3494.012939, 259.022522, -502.457642, -82.115791, 833.730896, -6331, 26740, 9980, 0.904600, -5.537400, 0.763500
2.519043, -1417.872070, -3495.350586, 272.554382, -502.201904, -82.076447, 822.655396, -7031, 26376, 10799, 0.904600, -5.537400, 0.763500
2.535400, -1426.095093, -3496.688477, 285.902191, -501.946167, -82.037102, 811.596375, -7706, 25918, 11700, 0.904600, -5.537400, 0.763500
2.551758, -1434.318115, -3498.026123, 299.069794, -501.690430, -81.997757, 800.540527, -8347, 25351, 12700, 0.904600, -5.537400, 0.763500
2.568115, -1442.541138, -3499.363770, 312.059723, -501.434662, -81.958412, 789.484741, -8943, 24652, 13815, 0.904600, -5.537400, 0.763500
2.584473, -1450.764160, -3500.701416, 324.865540, -501.178955, -81.919067, 778.428955, -9482, 23805, 15074, 0.904600, -5.537400, 0.763500
2.600830, -1458.972168, -3502.039307, 337.492371, -500.923218, -81.879723, 767.388000, -9946, 22802, 16485, 0.904600, -5.537400, 0.763500
2.617188, -1467.175415, -3503.376953, 349.940308, -500.667450, -81.840378, 756.351929, -10322, 21631, 18056, 0.904600, -5.537400, 0.763500
2.633545, -1475.378784, -3504.714600, 362.204163, -500.411743, -81.801033, 745.315735, -10591, 20312, 19766, 0.904600, -5.537400, 0.763500
2.649902, -1483.582153, -3506.052490, 374.289734, -500.155975, -81.761688, 734.283813, -10735, 18884, 21587, 0.904600, -5.537400, 0.763500
2.666260, -1491.785522, -3507.390137, 386.195709, -499.900238, -81.722343, 723.267334, -10744, 17414, 23452, 0.904600, -5.537400, 0.763500
2.682617, -1499.975342, -3508.727783, 397.917603, -499.644531, -81.682999, 712.250793, -10621, 15979, 25282, 0.904600, -5.537400, 0.763500
2.698975, -1508.159058, -3510.065430, 409.462189, -499.388763, -81.643661, 701.234375, -10372, 14642, 27011, 0.904600, -5.537400, 0.763500
2.715332, -1516.342651, -3511.403320, 420.826172, -499.133026, -81.604317, 690.230774, -10014, 13454, 28598, 0.904600, -5.537400, 0.763500
2.731689, -1524.526367, -3512.740967, 432.006104, -498.877289, -81.564964, 679.233948, -9561, 12426, 30028, 0.904600, -5.537400, 0.763500
2.748047, -1532.707764, -3514.078613, 443.009705, -498.621552, -81.525620, 668.237122, -9034, 11564, 31298, 0.904600, -5.537400, 0.763500
2.764404, -1540.871826, -3515.416504, 453.831696, -498.365814, -81.486282, 657.242188, -8451, 10850, 32431, 0.904600, -5.537400, 0.763500
2.780762, -1549.035767, -3516.754150, 464.469635, -498.110046, -81.446930, 646.265076, -7822, 10263, -32091, 0.904600, -5.537400, 0.763500
2.797119, -1557.199707, -3518.091797, 474.932251, -497.854340, -81.407585, 635.287964, -7158, 9790, -31182, 0.904600, -5.537400, 0.763500
2.813477, -1565.363770, -3519.429443, 485.212311, -497.598602, -81.368240, 624.310852, -6465, 9413, -30352, 0.904600, -5.537400, 0.763500
2.829834, -1573.517090, -3520.767334, 495.308258, -497.342834, -81.328903, 613.344238, -5752, 9121, -29591, 0.904600, -5.537400, 0.763500
2.846191, -1581.661499, -3522.104980, 505.229889, -497.087128, -81.289558, 602.386841, -5024, 8894, -28879, 0.904600, -5.537400, 0.763500
2.862549, -1589.805786, -3523.442627, 514.967407, -496.831360, -81.250214, 591.429382, -4280, 8729, -28211, 0.904600, -5.537400, 0.763500
2.878906, -1597.950195, -3524.780273, 524.529785, -496.575623, -81.210869, 580.471924, -3533, 8622, -27573, 0.904600, -5.537400, 0.763500
2.895264, -1606.094360, -3526.118164, 533.908752, -496.319916, -81.171524, 569.533691, -2777, 8565, -26959, 0.904600, -5.537400, 0.763500
2.911621, -1614.219849, -3527.455811, 543.113220, -496.064148, -81.132179, 558.595947, -2022, 8555, -26356, 0.904600, -5.537400, 0.763500
2.927979, -1622.344482, -3528.793457, 552.133545, -495.808411, -81.092834, 547.658142, -1266, 8588, -25767, 0.904600, -5.537400, 0.763500
2.944336, -1630.469116, -3530.123047, 560.971619, -495.552673, -81.053490, 536.728638, -514, 8667, -25176, 0.904600, -5.537400, 0.763500
2.960693, -1638.593750, -3531.440918, 569.634033, -495.296936, -81.014145, 525.810486, 233, 8785, -24579, 0.904600, -5.537400, 0.763500
2.977051, -1646.710815, -3532.759033, 578.122437, -495.041199, -80.974800, 514.892456, 971, 8949, -23971, 0.904600, -5.537400, 0.763500
2.993408, -1654.815796, -3534.077148, 586.426758, -494.785461, -80.935455, 503.974304, 1700, 9159, -23348, 0.904600, -5.537400, 0.763500
3.009766, -1662.920776, -3535.395020, 594.549988, -494.529724, -80.896111, 493.073151, 2414, 9416, -22699, 0.904600, -5.537400, 0.763500
3.026123, -1671.025757, -3536.713135, 602.496399, -494.273987, -80.856766, 482.174713, 3111, 9722, -22021, 0.904600, -5.537400, 0.763500
3.042480, -1679.130737, -3538.031250, 610.268677, -494.018250, -80.817421, 471.276276, 3784, 10081, -21308, 0.904600, -5.537400, 0.763500
3.058838, -1687.229736, -3539.349365, 617.856873, -493.762512, -80.778076, 460.383820, 4434, 10502, -20550, 0.904600, -5.537400, 0.763500
3.075195, -1695.315063, -3540.667480, 625.270996, -493.506744, -80.738731, 449.505066, 5052, 10986, -19740, 0.904600, -5.537400, 0.763500
3.091553, -1703.400391, -3541.985352, 632.505676, -493.251038, -80.699387, 438.626282, 5632, 11541, -18873, 0.904600, -5.537400, 0.763500
3.107910, -1711.485596, -3543.303467, 639.561951, -492.995300, -80.660042, 427.747528, 6167, 12171, -17939, 0.904600, -5.537400, 0.763500
3.124268, -1719.570923, -3544.621338, 646.444092, -492.739532, -80.620697, 416.883423, 6650, 12884, -16931, 0.904600, -5.537400, 0.763500
3.140625, -1727.641968, -3545.939453, 653.142151, -492.483795, -80.581352, 406.024323, 7075, 13677, -15849, 0.904600, -5.537400, 0.763500
3.156982, -1735.707520, -3547.257568, 659.666077, -492.232086, -80.542007, 395.165253, 7426, 14547, -14697, 0.904600, -5.537400, 0.763500
3.173340, -1743.773193, -3548.575439, 666.012207, -491.995972, -80.502663, 384.309814, 7701, 15488, -13473, 0.904600, -5.537400, 0.763500
3.189697, -1751.838867, -3549.893555, 672.178284, -491.759918, -80.463326, 373.470398, 7889, 16489, -12197, 0.904600, -5.537400, 0.763500
3.206055, -1759.904419, -3551.211670, 678.170227, -491.523865, -80.423981, 362.630981, 7985, 17524, -10886, 0.904600, -5.537400, 0.763500
3.222412, -1767.957397, -3552.529785, 683.978149, -491.287781, -80.384628, 351.791565, 7986, 18575, -9561, 0.904600, -5.537400, 0.763500
3.238770, -1776.003296, -3553.847656, 689.611877, -491.051727, -80.345291, 340.964478, 7887, 19614, -8246, 0.904600, -5.537400, 0.763500
3.255127, -1784.049316, -3555.165771, 695.069458, -490.815674, -80.305946, 330.144745, 7697, 20613, -6971, 0.904600, -5.537400, 0.763500
3.271484, -1792.095215, -3556.483887, 700.345337, -490.579590, -80.266594, 319.324982, 7421, 21559, -5747, 0.904600, -5.537400, 0.763500
3.287842, -1800.141235, -3557.802002, 705.447144, -490.343506, -80.227249, 308.505249, 7065, 22430, -4591, 0.904600, -5.537400, 0.763500
3.304199, -1808.176147, -3559.119873, 710.374878, -490.107452, -80.187904, 297.696564, 6640, 23224, -3505, 0.904600, -5.537400, 0.763500
3.320557, -1816.202393, -3560.437988, 715.118469, -489.871368, -80.148567, 286.896515, 6153, 23936, -2497, 0.904600, -5.537400, 0.763500
3.336914, -1824.228638, -3561.756104, 719.687866, -489.635315, -80.109222, 276.096436, 5613, 24568, -1558, 0.904600, -5.537400, 0.763500
3.353271, -1832.255005, -3563.073975, 724.083313, -489.399261, -80.069878, 265.296387, 5030, 25122, -686, 0.904600, -5.537400, 0.763500
3.369629, -1840.281250, -3564.392090, 728.303528, -489.163208, -80.030533, 254.516006, 4409, 25606, 125, 0.904600, -5.537400, 0.763500
3.385986, -1848.298096, -3565.710205, 732.339355, -488.927124, -79.991188, 243.735596, 3756, 26024, 886, 0.904600, -5.537400, 0.763500
3.402344, -1856.304688, -3567.028076, 736.201172, -488.691040, -79.951843, 232.955200, 3080, 26384, 1603, 0.904600, -5.537400, 0.763500
3.418701, -1864.311401, -3568.346191, 739.888794, -488.454987, -79.912498, 222.183563, 2381, 26690, 2281, 0.904600, -5.537400, 0.763500
3.435059, -1872.317993, -3569.664307, 743.393921, -488.218903, -79.873154, 211.422821, 1662, 26942, 2932, 0.904600, -5.537400, 0.763500
3.451416, -1880.324585, -3570.982178, 746.723755, -487.982849, -79.833809, 200.662094, 931, 27147, 3560, 0.904600, -5.537400, 0.763500
3.467773, -1888.323486, -3572.282471, 749.879395, -487.746796, -79.794464, 189.901367, 189, 27305, 4171, 0.904600, -5.537400, 0.763500
3.484131, -1896.310303, -3573.581055, 752.861023, -487.510712, -79.755119, 179.158081, -562, 27424, 4770, 0.904600, -5.537400, 0.763500
3.500488, -1904.297241, -3574.879150, 755.668518, -487.274658, -79.715775, 168.417023, -1317, 27497, 5368, 0.904600, -5.537400, 0.763500
3.516846, -1912.284180, -3576.177734, 758.291870, -487.038605, -79.676430, 157.675964, -2072, 27527, 5967, 0.904600, -5.537400, 0.763500
3.533203, -1920.271118, -3577.476074, 760.741150, -486.802490, -79.637085, 146.941360, -2828, 27515, 6574, 0.904600, -5.537400, 0.763500
3.549561, -1928.241943, -3578.774414, 763.016357, -486.566437, -79.597740, 136.219986, -3583, 27455, 7196, 0.904600, -5.537400, 0.763500
3.565918, -1936.209229, -3580.072754, 765.117432, -486.330383, -79.558395, 125.498604, -4337, 27342, 7841, 0.904600, -5.537400, 0.763500
3.582275, -1944.176514, -3581.371094, 767.044434, -486.094299, -79.519051, 114.777214, -5078, 27175, 8517, 0.904600, -5.537400, 0.763500
3.598633, -1952.143799, -3582.669434, 768.797302, -485.858246, -79.479706, 104.060982, -5810, 26944, 9234, 0.904600, -5.537400, 0.763500
3.614990, -1960.111084, -3583.967773, 770.371338, -485.622192, -79.440361, 93.359268, -6526, 26638, 10007, 0.904600, -5.537400, 0.763500
3.631348, -1968.073853, -3585.266357, 771.766296, -485.386108, -79.401016, 82.657555, -7219, 26247, 10850, 0.904600, -5.537400, 0.763500
3.647705, -1976.021484, -3586.564697, 772.987244, -485.150024, -79.361671, 71.955849, -7882, 25761, 11776, 0.904600, -5.537400, 0.763500
3.664062, -1983.968994, -3587.863037, 774.033997, -484.913971, -79.322334, 61.267967, -8512, 25160, 12803, 0.904600, -5.537400, 0.763500
3.680420, -1991.916626, -3589.161377, 774.906738, -484.677917, -79.282990, 50.585926, -9091, 24423, 13962, 0.904600, -5.537400, 0.763500
3.696777, -1999.864258, -3590.459717, 775.605347, -484.441833, -79.243645, 39.903889, -9606, 23538, 15258, 0.904600, -5.537400, 0.763500
3.713135, -2007.808960, -3591.758057, 776.129883, -484.205780, -79.204292, 29.224703, -10046, 22490, 16710, 0.904600, -5.537400, 0.763500
3.729492, -2015.736938, -3593.056396, 776.480286, -483.969727, -79.164955, 18.562336, -10394, 21280, 18319, 0.904600, -5.537400, 0.763500
3.745850, -2023.664795, -3594.354736, 776.656555, -483.733643, -79.125610, 7.899970, -10628, 19928, 20064, 0.904600, -5.537400, 0.763500
3.762207, -2031.592773, -3595.653320, 776.658752, -483.497589, -79.086258, -2.762399, -10736, 18485, 21901, 0.904600, -5.537400, 0.763500
3.778564, -2039.520630, -3596.951416, 776.486877, -483.261505, -79.046913, -13.413225, -10709, 17018, 23762, 0.904600, -5.537400, 0.763500
3.794922, -2047.437378, -3598.250000, 776.140869, -483.025421, -79.007568, -24.055920, -10551, 15608, 25564, 0.904600, -5.537400, 0.763500
3.811279, -2055.345703, -3599.548340, 775.610779, -482.789368, -78.968231, -34.698612, -10269, 14313, 27254, 0.904600, -5.537400, 0.763500
3.827637, -2063.253906, -3600.846680, 774.906616, -482.553314, -78.928886, -45.341305, -9884, 13170, 28799, 0.904600, -5.537400, 0.763500
3.843994, -2071.162109, -3602.145020, 774.028259, -482.317230, -78.889542, -55.973774, -9414, 12190, 30184, 0.904600, -5.537400, 0.763500
3.860352, -2079.070312, -3603.443359, 772.975464, -482.081177, -78.850197, -66.596802, -8871, 11368, 31418, 0.904600, -5.537400, 0.763500
3.876709, -2086.978516, -3604.741943, 771.747681, -481.845123, -78.810852, -77.219818, -8274, 10689, 32518, 0.904600, -5.537400, 0.763500
3.893066, -2094.867676, -3606.040039, 770.345764, -481.609039, -78.771507, -87.842842, -7633, 10135, -32034, 0.904600, -5.537400, 0.763500
3.909424, -2102.756104, -3607.338623, 768.769775, -481.372955, -78.732162, -98.446945, -6958, 9690, -31146, 0.904600, -5.537400, 0.763500
3.925781, -2110.644775, -3608.636963, 767.019653, -481.136902, -78.692818, -109.050293, -6259, 9338, -30334, 0.904600, -5.537400, 0.763500
3.942139, -2118.533447, -3609.935059, 765.103699, -480.900818, -78.653473, -119.653641, -5540, 9065, -29587, 0.904600, -5.537400, 0.763500
3.958496, -2126.421875, -3611.215576, 763.015076, -480.664764, -78.614128, -130.249069, -4806, 8862, -28890, 0.904600, -5.537400, 0.763500
3.974854, -2134.292969, -3612.494385, 760.752319, -480.428711, -78.574783, -140.832733, -4063, 8714, -28226, 0.904600, -5.537400, 0.763500
3.991211, -2142.161865, -3613.773193, 758.315491, -480.192657, -78.535439, -151.416412, -3313, 8625, -27593, 0.904600, -5.537400, 0.763500
4.007568, -2150.030762, -3615.051758, 755.704529, -479.956573, -78.496094, -162.000092, -2557, 8582, -26981, 0.904600, -5.537400, 0.763500
4.023926, -2157.899658, -3616.330322, 752.919495, -479.720490, -78.456749, -172.577148, -1802, 8587, -26382, 0.904600, -5.537400, 0.763500
4.040283, -2165.768555, -3617.609131, 749.960327, -479.484436, -78.417404, -183.141144, -1046, 8631, -25787, 0.904600, -5.537400, 0.763500
4.056641, -2173.621582, -3618.887939, 746.827087, -479.248352, -78.378059, -193.705154, -297, 8720, -25195, 0.904600, -5.537400, 0.763500
4.072998, -2181.470703, -3620.166504, 743.519714, -479.012299, -78.338722, -204.269165, 444, 8853, -24595, 0.904600, -5.537400, 0.763500
4.089355, -2189.319824, -3621.445312, 740.038330, -478.776245, -78.299370, -214.817856, 1178, 9028, -23981, 0.904600, -5.537400, 0.763500
4.105713, -2197.169189, -3622.723877, 736.382751, -478.540161, -78.260025, -225.362183, 1902, 9248, -23349, 0.904600, -5.537400, 0.763500
4.122070, -2205.018311, -3624.002686, 732.553101, -478.304108, -78.220680, -235.906509, 2610, 9517, -22693, 0.904600, -5.537400, 0.763500
4.138428, -2212.853271, -3625.281494, 728.559326, -478.068024, -78.181335, -246.446518, 3298, 9840, -22001, 0.904600, -5.537400, 0.763500
4.154785, -2220.682861, -3626.560059, 724.391479, -477.831940, -78.141998, -256.971191, 3966, 10217, -21272, 0.904600, -5.537400, 0.763500
4.171143, -2228.512451, -3627.838867, 720.049561, -477.595886, -78.102654, -267.495850, 4605, 10654, -20497, 0.904600, -5.537400, 0.763500
4.187500, -2236.342041, -3629.117432, 715.533508, -477.359833, -78.063301, -278.020508, 5212, 11158, -19669, 0.904600, -5.537400, 0.763500
4.203857, -2244.171631, -3630.396240, 710.843323, -477.123779, -78.023956, -288.542145, 5781, 11733, -18780, 0.904600, -5.537400, 0.763500
4.220215, -2251.988281, -3631.674805, 705.981750, -476.887695, -77.984619, -299.047119, 6300, 12386, -17826, 0.904600, -5.537400, 0.763500
4.236572, -2259.798096, -3632.953369, 700.953125, -476.651642, -77.945274, -309.552124, 6765, 13121, -16797, 0.904600, -5.537400, 0.763500
4.252930, -2267.608154, -3634.232178, 695.750305, -476.415558, -77.905922, -320.057129, 7166, 13936, -15691, 0.904600, -5.537400, 0.763500
4.269287, -2275.417969, -3635.510986, 690.373413, -476.179474, -77.866577, -330.550385, 7493, 14828, -14515, 0.904600, -5.537400, 0.763500
4.285645, -2283.228027, -3636.789551, 684.822449, -475.943420, -77.827240, -341.035706, 7743, 15785, -13276, 0.904600, -5.537400, 0.763500
4.302002, -2291.026611, -3638.068359, 679.107361, -475.707367, -77.787895, -351.521027, 7902, 16795, -11992, 0.904600, -5.537400, 0.763500
4.318359, -2298.817139, -3639.346924, 673.218201, -475.471283, -77.748550, -362.005615, 7969, 17835, -10677, 0.904600, -5.537400, 0.763500
4.334717, -2306.607178, -3640.625732, 667.154846, -475.235229, -77.709206, -372.471252, 7942, 18881, -9354, 0.904600, -5.537400, 0.763500
4.351074, -2314.397461, -3641.904297, 660.917542, -474.999176, -77.669861, -382.936920, 7815, 19904, -8055, 0.904600, -5.537400, 0.763500
4.367432, -2322.187744, -3643.183105, 654.504700, -474.763092, -77.630516, -393.402527, 7599, 20883, -6795, 0.904600, -5.537400, 0.763500
4.383789, -2329.968506, -3644.461914, 647.927490, -474.527008, -77.591171, -403.868195, 7298, 21802, -5592, 0.904600, -5.537400, 0.763500
4.400146, -2337.739014, -3645.740479, 641.176147, -474.290955, -77.551826, -414.314758, 6923, 22650, -4457, 0.904600, -5.537400, 0.763500
4.416504, -2345.509521, -3647.019043, 634.250732, -474.054871, -77.512482, -424.760712, 6478, 23414, -3398, 0.904600, -5.537400, 0.763500
4.432861, -2353.280029, -3648.297852, 627.159607, -473.818817, -77.473137, -435.206696, 5978, 24101, -2408, 0.904600, -5.537400, 0.763500
4.449219, -2361.050781, -3649.568604, 619.895691, -473.582764, -77.433792, -445.644562, 5427, 24709, -1490, 0.904600, -5.537400, 0.763500
4.465576, -2368.813477, -3650.827637, 612.457642, -473.346680, -77.394447, -456.070862, 4833, 25244, -633, 0.904600, -5.537400, 0.763500
4.481934, -2376.564453, -3652.086670, 604.855469, -473.110626, -77.355103, -466.497162, 4207, 25708, 164, 0.904600, -5.537400, 0.763500
4.498291, -2384.315186, -3653.345703, 597.079224, -472.874573, -77.315758, -476.923462, 3551, 26110, 913, 0.904600, -5.537400, 0.763500
4.514648, -2392.065918, -3654.604492, 589.128845, -472.638489, -77.276413, -487.342957, 2869, 26453, 1620, 0.904600, -5.537400, 0.763500
4.531006, -2399.816895, -3655.863525, 581.010864, -472.402405, -77.237068, -497.749603, 2168, 26741, 2294, 0.904600, -5.537400, 0.763500
4.547363, -2407.551514, -3657.122559, 572.721985, -472.166351, -77.197723, -508.156219, 1451, 26982, 2939, 0.904600, -5.537400, 0.763500
4.563721, -2415.282715, -3658.381592, 564.258972, -471.930267, -77.158386, -518.562866, 718, 27177, 3562, 0.904600, -5.537400, 0.763500
4.580078, -2423.013916, -3659.640869, 555.631897, -471.694214, -77.119034, -528.953979, -24, 27324, 4169, 0.904600, -5.537400, 0.763500
4.596436, -2430.745117, -3660.899658, 546.830688, -471.458160, -77.079689, -539.340942, -774, 27428, 4769, 0.904600, -5.537400, 0.763500
4.612793, -2438.476318, -3662.158691, 537.860229, -471.222107, -77.040344, -549.727905, -1529, 27491, 5367, 0.904600, -5.537400, 0.763500
4.629150, -2446.203125, -3663.417725, 528.720520, -470.985992, -77.000999, -560.114868, -2285, 27508, 5966, 0.904600, -5.537400, 0.763500
4.645508, -2453.914795, -3664.676758, 519.406677, -470.749939, -76.961662, -570.487671, -3040, 27478, 6580, 0.904600, -5.537400, 0.763500
4.661865, -2461.626221, -3665.935791, 509.928741, -470.513885, -76.922318, -580.854919, -3794, 27402, 7210, 0.904600, -5.537400, 0.763500
4.678223, -2469.337646, -3667.194824, 500.276703, -470.277802, -76.882965, -591.222229, -4540, 27274, 7867, 0.904600, -5.537400, 0.763500
4.694580, -2477.049316, -3668.453857, 490.453766, -470.041748, -76.843628, -601.586304, -5279, 27090, 8556, 0.904600, -5.537400, 0.763500
4.710938, -2484.757812, -3669.712891, 480.463226, -469.805695, -76.804283, -611.933960, -6005, 26839, 9292, 0.904600, -5.537400, 0.763500
4.727295, -2492.449707, -3670.971924, 470.308563, -469.569611, -76.764938, -622.281555, -6714, 26510, 10086, 0.904600, -5.537400, 0.763500
4.743652, -2500.141602, -3672.230957, 459.979828, -469.333527, -76.725586, -632.629150, -7400, 26097, 10949, 0.904600, -5.537400, 0.763500
4.760010, -2507.833496, -3673.489990, 449.478821, -469.097473, -76.686241, -642.974915, -8053, 25577, 11904, 0.904600, -5.537400, 0.763500
4.776367, -2515.525391, -3674.749023, 438.811554, -468.861389, -76.646904, -653.302795, -8667, 24937, 12969, 0.904600, -5.537400, 0.763500
4.792725, -2523.216064, -3676.008057, 427.980164, -468.625336, -76.607559, -663.630737, -9229, 24159, 14165, 0.904600, -5.537400, 0.763500
4.809082, -2530.888184, -3677.267090, 416.974670, -468.389282, -76.568214, -673.958679, -9725, 23230, 15502, 0.904600, -5.537400, 0.763500
4.825439, -2538.560303, -3678.526123, 405.795654, -468.153229, -76.528870, -684.276062, -10139, 22139, 16995, 0.904600, -5.537400, 0.763500
4.841797, -2546.232422, -3679.785156, 394.451630, -467.917145, -76.489525, -694.584290, -10455, 20892, 18641, 0.904600, -5.537400, 0.763500
4.858154, -2553.904785, -3681.043945, 382.943054, -467.681091, -76.450180, -704.892639, -10651, 19519, 20410, 0.904600, -5.537400, 0.763500
4.874512, -2561.576904, -3682.302979, 371.259216, -467.445007, -76.410835, -715.200867, -10720, 18071, 22251, 0.904600, -5.537400, 0.763500
4.890869, -2569.229736, -3683.562256, 359.401245, -467.208923, -76.371490, -725.489868, -10657, 16622, 24093, 0.904600, -5.537400, 0.763500
4.907227, -2576.882324, -3684.821289, 347.379211, -466.972870, -76.332146, -735.778442, -10466, 15244, 25863, 0.904600, -5.537400, 0.763500
4.923584, -2584.534668, -3686.080322, 335.191650, -466.736816, -76.292801, -746.067078, -10154, 13991, 27515, 0.904600, -5.537400, 0.763500
4.939941, -2592.187256, -3687.339355, 322.831055, -466.500732, -76.253456, -756.355652, -9744, 12896, 29009, 0.904600, -5.537400, 0.763500
4.956299, -2599.839844, -3688.590332, 310.306366, -466.264679, -76.214111, -766.626343, -9252, 11964, 30349, 0.904600, -5.537400, 0.763500
4.972656, -2607.474609, -3689.829834, 297.615204, -466.028625, -76.174767, -776.895203, -8692, 11184, 31545, 0.904600, -5.537400, 0.763500
4.989014, -2615.107666, -3691.069092, 284.751984, -465.792511, -76.135422, -787.164124, -8080, 10546, 32608, 0.904600, -5.537400, 0.763500
5.005371, -2622.740479, -3692.308350, 271.724670, -465.556458, -76.096077, -797.433044, -7431, 10023, -31970, 0.904600, -5.537400, 0.763500
5.021729, -2630.373291, -3693.547852, 258.523254, -465.320404, -76.056732, -807.685364, -6751, 9606, -31103, 0.904600, -5.537400, 0.763500
5.038086, -2638.006104, -3694.787109, 245.154037, -465.084320, -76.017387, -817.934631, -6047, 9274, -30309, 0.904600, -5.537400, 0.763500
5.054443, -2645.623047, -3696.026611, 231.614090, -464.848267, -75.978043, -828.183838, -5322, 9019, -29574, 0.904600, -5.537400, 0.763500
5.070801, -2653.236084, -3697.265869, 217.910049, -464.612213, -75.938698, -838.427490, -4588, 8833, -28886, 0.904600, -5.537400, 0.763500
5.087158, -2660.849365, -3698.505127, 204.037216, -464.376129, -75.899353, -848.657043, -3842, 8703, -28234, 0.904600, -5.537400, 0.763500
5.103516, -2668.462402, -3699.744385, 189.994644, -464.140076, -75.860008, -858.886597, -3092, 8624, -27607, 0.904600, -5.537400, 0.763500
5.119873, -2676.075684, -3700.983887, 175.787964, -463.903992, -75.820671, -869.116211, -2337, 8593, -27000, 0.904600, -5.537400, 0.763500
5.136230, -2683.674316, -3702.223145, 161.411514, -463.667938, -75.781326, -879.341431, -1581, 8607, -26400, 0.904600, -5.537400, 0.763500
5.152588, -2691.267822, -3703.462646, 146.866318, -463.431854, -75.741974, -889.551331, -831, 8667, -25806, 0.904600, -5.537400, 0.763500
5.168945, -2698.861572, -3704.701904, 132.156998, -463.195801, -75.702629, -899.761230, -85, 8766, -25208, 0.904600, -5.537400, 0.763500
5.185303, -2706.454834, -3705.941406, 117.276955, -462.959747, -75.663292, -909.971130, 653, 8912, -24604, 0.904600, -5.537400, 0.763500
5.201660, -2714.045410, -3707.180664, 102.229118, -462.723663, -75.623947, -920.168030, 1384, 9099, -23984, 0.904600, -5.537400, 0.763500
5.218018, -2721.646240, -3708.425537, 90.831406, -465.797028, -76.121773, -527.780884, 2096, 9329, -23353, 0.889861, -5.446782, 0.763500
5.234375, -2729.416748, -3709.704102, 101.139099, -474.511505, -77.535255, 550.351318, 2758, 9599, -22728, 0.850000, -5.201700, 0.763500
5.250732, -2737.187256, -3710.982666, 110.021584, -474.275452, -77.495911, 539.415649, 3398, 9916, -22070, 0.850000, -5.201700, 0.763500
5.267090, -2744.958008, -3712.261475, 118.729965, -474.039398, -77.456566, 528.497498, 4017, 10286, -21383, 0.850000, -5.201700, 0.763500
5.283447, -2752.728271, -3713.528809, 127.262863, -473.803314, -77.417221, 517.579407, 4613, 10708, -20651, 0.850000, -5.201700, 0.763500
5.299805, -2760.498779, -3714.787842, 135.613373, -473.567261, -77.377876, 506.661316, 5178, 11192, -19872, 0.850000, -5.201700, 0.763500
5.316162, -2768.258789, -3716.046875, 143.779785, -473.331207, -77.338531, 495.753937, 5707, 11737, -19041, 0.850000, -5.201700, 0.763500
5.332520, -2776.009521, -3717.305908, 151.772095, -473.095123, -77.299187, 484.855499, 6198, 12349, -18150, 0.850000, -5.201700, 0.763500
5.348877, -2783.760498, -3718.564697, 159.590225, -472.859070, -77.259842, 473.957062, 6642, 13031, -17198, 0.850000, -5.201700, 0.763500
5.365234, -2791.511230, -3719.823730, 167.223404, -472.622986, -77.220505, 463.058624, 7027, 13782, -16179, 0.850000, -5.201700, 0.763500
5.381592, -2799.262207, -3721.083008, 174.682098, -472.386902, -77.181152, 452.179596, 7351, 14603, -15095, 0.850000, -5.201700, 0.763500
5.397949, -2807.003906, -3722.342041, 181.957596, -472.150848, -77.141808, 441.300842, 7606, 15482, -13955, 0.850000, -5.201700, 0.763500
5.414307, -2814.735352, -3723.601074, 189.058426, -471.914795, -77.102463, 430.422089, 7787, 16412, -12764, 0.850000, -5.201700, 0.763500
5.430664, -2822.466309, -3724.860107, 195.985138, -471.678741, -77.063118, 419.551788, 7884, 17378, -11543, 0.850000, -5.201700, 0.763500
5.447021, -2830.197510, -3726.119141, 202.727768, -471.442657, -77.023773, 408.692688, 7899, 18358, -10308, 0.850000, -5.201700, 0.763500
5.463379, -2837.928955, -3727.378174, 209.296280, -471.206604, -76.984428, 397.833588, 7829, 19332, -9081, 0.850000, -5.201700, 0.763500
5.479736, -2845.652588, -3728.636963, 215.683243, -470.970520, -76.945084, 386.974487, 7677, 20277, -7877, 0.850000, -5.201700, 0.763500
5.496094, -2853.364014, -3729.895996, 221.893890, -470.734436, -76.905746, 376.132538, 7448, 21177, -6718, 0.850000, -5.201700, 0.763500
5.512451, -2861.075439, -3731.155029, 227.930435, -470.498383, -76.866402, 365.293121, 7144, 22021, -5611, 0.850000, -5.201700, 0.763500
5.528809, -2868.787109, -3732.414062, 233.782883, -470.262329, -76.827057, 354.453705, 6776, 22800, -4564, 0.850000, -5.201700, 0.763500
5.545166, -2876.498535, -3733.673340, 239.461227, -470.026245, -76.787704, 343.620422, 6349, 23510, -3586, 0.850000, -5.201700, 0.763500
5.561523, -2884.204346, -3734.932129, 244.959656, -469.790192, -76.748360, 332.800690, 5875, 24145, -2668, 0.850000, -5.201700, 0.763500
5.577881, -2891.896240, -3736.191162, 250.280121, -469.554138, -76.709023, 321.980957, 5356, 24715, -1813, 0.850000, -5.201700, 0.763500
5.594238, -2899.588135, -3737.450195, 255.426483, -469.318054, -76.669678, 311.161194, 4798, 25218, -1013, 0.850000, -5.201700, 0.763500
5.610596, -2907.280029, -3738.709229, 260.398743, -469.081970, -76.630333, 300.356262, 4208, 25660, -263, 0.850000, -5.201700, 0.763500
5.626953, -2914.971680, -3739.968262, 265.186920, -468.845917, -76.590988, 289.556213, 3593, 26049, 446, 0.850000, -5.201700, 0.763500
5.643311, -2922.659424, -3741.227295, 269.800995, -468.609863, -76.551643, 278.756134, 2956, 26383, 1115, 0.850000, -5.201700, 0.763500
5.659668, -2930.331543, -3742.486328, 274.237091, -468.373779, -76.512299, 267.956085, 2298, 26668, 1754, 0.850000, -5.201700, 0.763500
5.676025, -2938.003906, -3743.745361, 278.493286, -468.137726, -76.472954, 257.169525, 1627, 26909, 2364, 0.850000, -5.201700, 0.763500
5.692383, -2945.676025, -3745.004395, 282.575378, -467.901642, -76.433609, 246.389114, 944, 27109, 2955, 0.850000, -5.201700, 0.763500
5.708740, -2953.348145, -3746.263428, 286.483368, -467.665588, -76.394264, 235.608719, 250, 27269, 3531, 0.850000, -5.201700, 0.763500
5.725098, -2961.017822, -3747.522461, 290.217285, -467.429504, -76.354919, 224.830856, -451, 27390, 4096, 0.850000, -5.201700, 0.763500
5.741455, -2968.670166, -3748.781494, 293.767090, -467.193451, -76.315575, 214.070129, -1160, 27476, 4655, 0.850000, -5.201700, 0.763500
5.757812, -2976.322754, -3750.040527, 297.142761, -466.957367, -76.276230, 203.309402, -1869, 27523, 5215, 0.850000, -5.201700, 0.763500
5.774170, -2983.975342, -3751.288086, 300.344360, -466.721313, -76.236885, 192.548660, -2585, 27531, 5782, 0.850000, -5.201700, 0.763500
5.790527, -2991.627930, -3752.527344, 303.371826, -466.485260, -76.197540, 181.799179, -3296, 27497, 6361, 0.850000, -5.201700, 0.763500
5.806885, -2999.279541, -3753.766602, 306.224335, -466.249176, -76.158195, 171.058121, -4004, 27419, 6957, 0.850000, -5.201700, 0.763500
5.823242, -3006.912354, -3755.006104, 308.893951, -466.013123, -76.118851, 160.317047, -4708, 27296, 7574, 0.850000, -5.201700, 0.763500
5.839600, -3014.545166, -3756.245361, 311.389435, -465.777069, -76.079514, 149.576248, -5405, 27121, 8225, 0.850000, -5.201700, 0.763500
5.855957, -3022.177979, -3757.484863, 313.710449, -465.540955, -76.040169, 138.854858, -6085, 26885, 8914, 0.850000, -5.201700, 0.763500
5.872314, -3029.810791, -3758.724121, 315.856110, -465.304901, -76.000816, 128.133484, -6754, 26583, 9658, 0.850000, -5.201700, 0.763500
5.888672, -3037.443604, -3759.963623, 317.827698, -465.068848, -75.961472, 117.412094, -7404, 26204, 10464, 0.850000, -5.201700, 0.763500
5.905029, -3045.057617, -3761.202881, 319.616211, -464.832764, -75.922127, 106.699646, -8027, 25733, 11350, 0.850000, -5.201700, 0.763500
5.921387, -3052.670654, -3762.442139, 321.229919, -464.596710, -75.882782, 95.997940, -8616, 25157, 12331, 0.850000, -5.201700, 0.763500
5.937744, -3060.283936, -3763.681396, 322.669525, -464.360657, -75.843437, 85.296227, -9159, 24459, 13425, 0.850000, -5.201700, 0.763500
5.954102, -3067.896973, -3764.920654, 323.935028, -464.124573, -75.804092, 74.594513, -9652, 23627, 14647, 0.850000, -5.201700, 0.763500
5.970459, -3075.510254, -3766.160156, 325.026428, -463.888489, -75.764748, 63.900425, -10074, 22648, 16010, 0.850000, -5.201700, 0.763500
5.986816, -3083.106201, -3767.399414, 325.943726, -463.652435, -75.725410, 53.218388, -10416, 21522, 17516, 0.850000, -5.201700, 0.763500
6.003174, -3090.699463, -3768.638916, 326.686890, -463.416382, -75.686066, 42.536346, -10663, 20264, 19150, 0.850000, -5.201700, 0.763500
6.019531, -3098.292969, -3769.878174, 327.256012, -463.180298, -75.646721, 31.854309, -10797, 18906, 20885, 0.850000, -5.201700, 0.763500
6.035889, -3105.886475, -3771.117676, 327.651001, -462.944244, -75.607368, 21.188581, -10811, 17512, 22651, 0.850000, -5.201700, 0.763500
6.052246, -3113.480225, -3772.356934, 327.861877, -462.708191, -75.568031, 10.526215, -10708, 16142, 24395, 0.850000, -5.201700, 0.763500
6.068604, -3121.057861, -3773.596436, 327.898682, -462.472107, -75.528687, -0.136152, -10490, 14859, 26056, 0.850000, -5.201700, 0.763500
6.084961, -3128.631592, -3774.835693, 327.761383, -462.236023, -75.489342, -10.793189, -10173, 13701, 27590, 0.850000, -5.201700, 0.763500
6.101318, -3136.205566, -3776.074951, 327.449951, -461.999969, -75.449997, -21.435883, -9770, 12689, 28982, 0.850000, -5.201700, 0.763500
6.117676, -3143.779297, -3777.314453, 326.964447, -461.763885, -75.410652, -32.078575, -9298, 11823, 30235, 0.850000, -5.201700, 0.763500
6.134033, -3151.353271, -3778.553711, 326.304840, -461.527832, -75.371307, -42.721272, -8766, 11094, 31354, 0.850000, -5.201700, 0.763500
6.150391, -3158.913086, -3779.792969, 325.471130, -461.291779, -75.331963, -53.359951, -8187, 10490, 32359, 0.850000, -5.201700, 0.763500
6.166748, -3166.467285, -3781.032471, 324.463318, -461.055695, -75.292618, -63.982971, -7575, 9995, -32271, 0.850000, -5.201700, 0.763500
6.183105, -3174.021240, -3782.271729, 323.281403, -460.819641, -75.253273, -74.605995, -6933, 9593, -31448, 0.850000, -5.201700, 0.763500
6.199463, -3181.575439, -3783.510986, 321.925385, -460.583588, -75.213928, -85.229012, -6273, 9272, -30696, 0.850000, -5.201700, 0.763500
6.215820, -3189.129639, -3784.750488, 320.395264, -460.347504, -75.174583, -95.839325, -5598, 9021, -29998, 0.850000, -5.201700, 0.763500
6.232178, -3196.671387, -3785.989746, 318.691071, -460.111420, -75.135239, -106.442680, -4908, 8832, -29342, 0.850000, -5.201700, 0.763500
6.248535, -3204.205811, -3787.229248, 316.812744, -459.875366, -75.095894, -117.046028, -4211, 8696, -28720, 0.850000, -5.201700, 0.763500
6.264893, -3211.740234, -3788.466797, 314.760315, -459.639313, -75.056549, -127.647652, -3506, 8610, -28124, 0.850000, -5.201700, 0.763500
6.281250, -3219.274902, -3789.686523, 312.533783, -459.403229, -75.017204, -138.231339, -2798, 8562, -27547, 0.850000, -5.201700, 0.763500
6.297607, -3226.809326, -3790.906006, 310.133179, -459.167175, -74.977859, -148.815002, -2090, 8557, -26981, 0.850000, -5.201700, 0.763500
6.313965, -3234.333008, -3792.125732, 307.558472, -458.931122, -74.938515, -159.398697, -1381, 8590, -26423, 0.850000, -5.201700, 0.763500
6.330322, -3241.847900, -3793.345459, 304.819672, -458.695007, -74.899178, -169.971954, -673, 8662, -25864, 0.850000, -5.201700, 0.763500
6.346680, -3249.362549, -3794.565186, 301.906708, -458.458954, -74.859833, -180.535950, 27, 8773, -25306, 0.850000, -5.201700, 0.763500
6.363037, -3256.877441, -3795.784912, 298.818512, -458.222900, -74.820480, -191.099960, 724, 8922, -24735, 0.850000, -5.201700, 0.763500
6.379395, -3264.392090, -3797.004395, 295.555725, -457.986816, -74.781136, -201.663971, 1408, 9110, -24149, 0.850000, -5.201700, 0.763500
6.395752, -3271.897949, -3798.224365, 292.118866, -457.750763, -74.741791, -212.218872, 2082, 9340, -23548, 0.850000, -5.201700, 0.763500
6.412109, -3279.393066, -3799.444092, 288.507904, -457.514709, -74.702446, -222.763214, 2740, 9610, -22924, 0.850000, -5.201700, 0.763500
6.428467, -3286.888184, -3800.663818, 284.722839, -457.278625, -74.663101, -233.307541, 3382, 9925, -22273, 0.850000, -5.201700, 0.763500
6.444824, -3294.383301, -3801.883301, 280.763702, -457.042572, -74.623756, -243.851883, 4002, 10294, -21585, 0.850000, -5.201700, 0.763500
6.461182, -3301.878418, -3803.103027, 276.630432, -456.806488, -74.584419, -254.378418, 4595, 10717, -20853, 0.850000, -5.201700, 0.763500
6.477539, -3309.366211, -3804.322754, 272.333038, -456.570435, -74.545074, -264.903076, 5158, 11198, -20076, 0.850000, -5.201700, 0.763500
6.493896, -3316.841553, -3805.542480, 267.861572, -456.334351, -74.505730, -275.427734, 5689, 11740, -19245, 0.850000, -5.201700, 0.763500
6.510254, -3324.317139, -3806.761963, 263.216003, -456.098297, -74.466385, -285.945587, 6181, 12351, -18355, 0.850000, -5.201700, 0.763500
6.526611, -3331.792480, -3807.981689, 258.396332, -455.862213, -74.427032, -296.450562, 6623, 13031, -17400, 0.850000, -5.201700, 0.763500
6.542969, -3339.268066, -3809.201416, 253.402573, -455.626160, -74.387695, -306.955566, 7011, 13782, -16380, 0.850000, -5.201700, 0.763500
6.559326, -3346.737549, -3810.421143, 248.240540, -455.390106, -74.348351, -317.460571, 7336, 14602, -15298, 0.850000, -5.201700, 0.763500
6.575684, -3354.193359, -3811.640625, 242.908249, -455.154022, -74.309006, -327.960052, 7592, 15483, -14158, 0.850000, -5.201700, 0.763500
6.592041, -3361.649170, -3812.860352, 237.401840, -454.917938, -74.269661, -338.445374, 7772, 16411, -12971, 0.850000, -5.201700, 0.763500
6.608398, -3369.104980, -3814.080078, 231.721344, -454.681885, -74.230316, -348.930695, 7872, 17372, -11750, 0.850000, -5.201700, 0.763500
6.624756, -3376.560791, -3815.299805, 225.866745, -454.445831, -74.190971, -359.415985, 7887, 18348, -10516, 0.850000, -5.201700, 0.763500
6.641113, -3384.012451, -3816.519531, 219.848038, -454.209747, -74.151627, -369.887115, 7819, 19317, -9288, 0.850000, -5.201700, 0.763500
6.657471, -3391.448486, -3817.739258, 213.655243, -453.973694, -74.112282, -380.352783, 7668, 20262, -8084, 0.850000, -5.201700, 0.763500
6.673828, -3398.884521, -3818.958740, 207.288330, -453.737640, -74.072937, -390.818420, 7438, 21161, -6925, 0.850000, -5.201700, 0.763500
6.690186, -3406.320557, -3820.178467, 200.750534, -453.501556, -74.033592, -401.284058, 7139, 22005, -5820, 0.850000, -5.201700, 0.763500
6.706543, -3413.756836, -3821.398193, 194.045105, -453.265472, -73.994247, -411.736816, 6775, 22782, -4776, 0.850000, -5.201700, 0.763500
6.722900, -3421.180420, -3822.617920, 187.165573, -453.031982, -73.954903, -422.182800, 6350, 23491, -3795, 0.850000, -5.201700, 0.763500
6.739258, -3428.596924, -3823.837646, 180.111938, -452.805573, -73.915558, -432.628754, 5876, 24128, -2876, 0.850000, -5.201700, 0.763500
6.755615, -3436.013184, -3825.057129, 172.894211, -452.589172, -73.876213, -443.072845, 5356, 24696, -2020, 0.850000, -5.201700, 0.763500
6.771973, -3443.429688, -3826.265381, 165.502365, -452.372772, -73.836868, -453.499146, 4803, 25202, -1219, 0.850000, -5.201700, 0.763500
6.788330, -3450.846191, -3827.465332, 157.937683, -452.156372, -73.797523, -463.925446, 4218, 25647, -467, 0.850000, -5.201700, 0.763500
6.804688, -3458.261719, -3828.665283, 150.207306, -451.939972, -73.758186, -474.351746, 3603, 26037, 244, 0.850000, -5.201700, 0.763500
6.821045, -3465.658447, -3829.865234, 142.302841, -451.723602, -73.718842, -484.777466, 2965, 26373, 915, 0.850000, -5.201700, 0.763500
6.837402, -3473.055176, -3831.065186, 134.224289, -451.507202, -73.679497, -495.184082, 2307, 26659, 1551, 0.850000, -5.201700, 0.763500
6.853760, -3480.452148, -3832.265381, 125.981247, -451.290802, -73.640144, -505.590698, 1635, 26903, 2165, 0.850000, -5.201700, 0.763500
6.870117, -3487.848877, -3833.465576, 117.562843, -451.074402, -73.600800, -515.997314, 950, 27104, 2760, 0.850000, -5.201700, 0.763500
6.886475, -3495.245605, -3834.665527, 108.970329, -450.858002, -73.561455, -526.394714, 254, 27267, 3339, 0.850000, -5.201700, 0.763500
6.902832, -3502.633545, -3835.865479, 100.213730, -450.641632, -73.522110, -536.781616, -446, 27391, 3906, 0.850000, -5.201700, 0.763500
6.919189, -3510.010498, -3837.065430, 91.283028, -450.425232, -73.482765, -547.168579, -1154, 27476, 4465, 0.850000, -5.201700, 0.763500
6.935547, -3517.497314, -3838.283691, 96.099228, -457.160553, -74.613426, 324.102112, -1840, 27525, 5009, 0.817900, -5.011000, 0.763500
6.951904, -3524.992432, -3839.503418, 101.279434, -456.924469, -74.574081, 313.282349, -2525, 27541, 5555, 0.817900, -5.011000, 0.763500
6.968262, -3532.487549, -3840.723145, 106.285538, -456.688416, -74.534737, 302.470215, -3210, 27518, 6109, 0.817900, -5.011000, 0.763500
6.984619, -3539.965332, -3841.942627, 111.107536, -456.452332, -74.495392, 291.670166, -3894, 27456, 6677, 0.817900, -5.011000, 0.763500
7.000977, -3547.440918, -3843.162354, 115.755440, -456.216278, -74.456047, 280.870087, -4576, 27349, 7268, 0.817900, -5.011000, 0.763500
7.017334, -3554.916260, -3844.382080, 120.229240, -455.980225, -74.416702, 270.070007, -5250, 27195, 7885, 0.817900, -5.011000, 0.763500
7.033691, -3562.391846, -3845.601807, 124.522621, -455.744141, -74.377357, 259.286255, -5913, 26988, 8538, 0.817900, -5.011000, 0.763500
7.050049, -3569.867188, -3846.821533, 128.638550, -455.508087, -74.338013, 248.505859, -6565, 26723, 9237, 0.817900, -5.011000, 0.763500
7.066406, -3577.327148, -3848.041016, 132.580383, -455.272003, -74.298668, 237.725464, -7200, 26388, 9986, 0.817900, -5.011000, 0.763500
7.082764, -3584.782715, -3849.260742, 136.348099, -455.035919, -74.259323, 226.945068, -7811, 25975, 10808, 0.817900, -5.011000, 0.763500
7.099121, -3592.238525, -3850.480469, 139.931732, -454.799866, -74.219978, 216.179672, -8393, 25469, 11708, 0.817900, -5.011000, 0.763500
7.115479, -3599.694336, -3851.700195, 143.341248, -454.563812, -74.180634, 205.418945, -8943, 24857, 12708, 0.817900, -5.011000, 0.763500
7.131836, -3607.150391, -3852.919922, 146.576675, -454.327728, -74.141289, 194.658218, -9448, 24123, 13823, 0.817900, -5.011000, 0.763500
7.148193, -3614.591797, -3854.139648, 149.638000, -454.091675, -74.101944, 183.901505, -9900, 23255, 15067, 0.817900, -5.011000, 0.763500
7.164551, -3622.028076, -3855.359131, 152.521530, -453.855621, -74.062599, 173.160461, -10282, 22248, 16442, 0.817900, -5.011000, 0.763500
7.180908, -3629.464111, -3856.578857, 155.224976, -453.619537, -74.023254, 162.419403, -10581, 21102, 17958, 0.817900, -5.011000, 0.763500
7.197266, -3636.900391, -3857.798584, 157.754318, -453.383453, -73.983910, 151.678345, -10781, 19839, 19584, 0.817900, -5.011000, 0.763500
7.213623, -3644.336426, -3859.018311, 160.109573, -453.147400, -73.944565, 140.949997, -10878, 18500, 21282, 0.817900, -5.011000, 0.763500
7.229980, -3651.760010, -3860.238037, 162.290710, -452.921326, -73.905220, 130.228622, -10860, 17140, 23004, 0.817900, -5.011000, 0.763500
7.246338, -3659.176514, -3861.455566, 164.297760, -452.697327, -73.865875, 119.507240, -10734, 15817, 24690, 0.817900, -5.011000, 0.763500
7.262695, -3666.593018, -3862.665527, 166.120712, -452.480927, -73.826538, 108.787582, -10499, 14588, 26280, 0.817900, -5.011000, 0.763500
7.279053, -3674.009521, -3863.865723, 167.769562, -452.264557, -73.787193, 98.085876, -10174, 13486, 27750, 0.817900, -5.011000, 0.763500
7.295410, -3681.426025, -3865.065674, 169.244308, -452.048157, -73.747849, 87.384171, -9772, 12523, 29084, 0.817900, -5.011000, 0.763500
7.311768, -3688.841553, -3866.265625, 170.544952, -451.831757, -73.708504, 76.682449, -9305, 11699, 30282, 0.817900, -5.011000, 0.763500
7.328125, -3696.238281, -3867.465576, 171.671494, -451.615356, -73.669159, 65.991165, -8788, 11010, 31352, 0.817900, -5.011000, 0.763500
7.344482, -3703.635010, -3868.665527, 172.623932, -451.398956, -73.629807, 55.309124, -8229, 10434, 32317, 0.817900, -5.011000, 0.763500
7.360840, -3711.031982, -3869.865723, 173.401337, -451.182556, -73.590462, 44.627087, -7639, 9961, -32349, 0.817900, -5.011000, 0.763500
7.377197, -3718.428711, -3871.065674, 174.004257, -450.966156, -73.551117, 33.945045, -7022, 9574, -31556, 0.817900, -5.011000, 0.763500
7.393555, -3725.825439, -3872.265625, 174.433090, -450.749786, -73.511780, 23.272116, -6381, 9260, -30824, 0.817900, -5.011000, 0.763500
7.409912, -3733.203369, -3873.465576, 174.677826, -450.533386, -73.472435, 12.609751, -5725, 9013, -30140, 0.817900, -5.011000, 0.763500
7.426270, -3740.580566, -3874.665771, 174.748459, -450.316986, -73.433090, 1.947381, -5061, 8825, -29501, 0.817900, -5.011000, 0.763500
7.442627, -3747.957520, -3875.865723, 174.644974, -450.100586, -73.393745, -8.714985, -4389, 8690, -28899, 0.817900, -5.011000, 0.763500
7.458984, -3755.334717, -3877.065674, 174.367416, -449.884186, -73.354401, -19.359550, -3709, 8596, -28320, 0.817900, -5.011000, 0.763500
7.475342, -3762.711914, -3878.265625, 173.915726, -449.667786, -73.315056, -30.002245, -3024, 8544, -27762, 0.817900, -5.011000, 0.763500
7.491699, -3770.088867, -3879.465820, 173.289963, -449.451416, -73.275711, -40.644939, -2339, 8531, -27218, 0.817900, -5.011000, 0.763500
7.508057, -3777.449219, -3880.665771, 172.490067, -449.235016, -73.236366, -51.280819, -1655, 8557, -26682, 0.817900, -5.011000, 0.763500
7.524414, -3784.806641, -3881.865723, 171.516113, -449.018616, -73.197021, -61.903843, -970, 8617, -26147, 0.817900, -5.011000, 0.763500
7.540771, -3792.164062, -3883.065674, 170.368027, -448.802216, -73.157677, -72.526863, -292, 8713, -25613, 0.817900, -5.011000, 0.763500
7.557129, -3799.521484, -3884.265869, 169.045837, -448.585815, -73.118332, -83.149887, 379, 8843, -25069, 0.817900, -5.011000, 0.763500
7.573486, -3806.878906, -3885.465820, 167.549561, -448.369415, -73.078987, -93.757408, 1041, 9009, -24516, 0.817900, -5.011000, 0.763500
7.589844, -3814.221191, -3886.665771, 165.879181, -448.153015, -73.039642, -104.360756, 1694, 9213, -23950, 0.817900, -5.011000, 0.763500
7.606201, -3821.559082, -3887.865723, 164.034698, -447.936646, -73.000298, -114.964104, 2338, 9455, -23362, 0.817900, -5.011000, 0.763500
7.622559, -3828.896729, -3889.065674, 162.016129, -447.720245, -72.960953, -125.567459, 2967, 9737, -22749, 0.817900, -5.011000, 0.763500
7.638916, -3836.234375, -3890.265869, 159.823441, -447.503845, -72.921608, -136.156601, 3576, 10066, -22105, 0.817900, -5.011000, 0.763500
7.655273, -3843.572266, -3891.465820, 157.456665, -447.287445, -72.882263, -146.740295, 4166, 10441, -21428, 0.817900, -5.011000, 0.763500
7.671631, -3850.906250, -3892.665771, 154.915771, -447.071075, -72.842918, -157.323959, 4728, 10868, -20708, 0.817900, -5.011000, 0.763500
7.687988, -3858.224609, -3893.865723, 152.210785, -446.854675, -72.803574, -167.904434, 5264, 11351, -19945, 0.817900, -5.011000, 0.763500
7.704346, -3865.542725, -3895.065918, 149.331711, -446.638275, -72.764229, -178.468445, 5763, 11896, -19129, 0.817900, -5.011000, 0.763500
7.720703, -3872.860596, -3896.265869, 146.278519, -446.421875, -72.724884, -189.032440, 6225, 12502, -18257, 0.817900, -5.011000, 0.763500
7.737061, -3880.178711, -3897.465820, 143.051224, -446.205475, -72.685539, -199.596451, 6641, 13171, -17329, 0.817900, -5.011000, 0.763500
7.753418, -3887.496826, -3898.663818, 139.649841, -445.989075, -72.646202, -210.148544, 7004, 13901, -16343, 0.817900, -5.011000, 0.763500
7.769775, -3890.949707, -3898.050537, 141.744919, -45.088428, 114.505280, 367.443512, 7191, 14526, -15546, 0.007400, -2.974200, 0.667700
7.786133, -3891.696045, -3896.181641, 147.634735, -45.068756, 114.446266, 356.604095, 7268, 15054, -14900, 0.007400, -2.974200, 0.667700
7.802490, -3892.434814, -3894.312744, 153.350449, -45.049084, 114.387245, 345.765594, 7318, 15589, -14246, 0.007400, -2.974200, 0.667700
7.818848, -3893.181641, -3892.444092, 158.882065, -45.029411, 114.328224, 334.945862, 7340, 16132, -13584, 0.007400, -2.974200, 0.667700
7.835205, -3893.909668, -3890.574951, 164.239594, -45.009735, 114.269211, 324.126099, 7340, 16675, -12925, 0.007400, -2.974200, 0.667700
7.851562, -3894.637451, -3888.706299, 169.422745, -44.990063, 114.210197, 313.306366, 7308, 17218, -12264, 0.007400, -2.974200, 0.667700
7.867920, -3895.365234, -3886.837158, 174.420731, -44.970390, 114.151176, 302.496216, 7253, 17753, -11610, 0.007400, -2.974200, 0.667700
7.884277, -3896.093262, -3884.968506, 179.244644, -44.950722, 114.092163, 291.696136, 7171, 18281, -10964, 0.007400, -2.974200, 0.667700
7.900635, -3896.821045, -3883.099609, 183.894455, -44.931049, 114.033150, 280.896088, 7066, 18797, -10330, 0.007400, -2.974200, 0.667700
7.916992, -3897.548828, -3881.230713, 188.361526, -44.911377, 113.974129, 270.096008, 6934, 19297, -9704, 0.007400, -2.974200, 0.667700
7.933350, -3898.276855, -3879.361816, 192.653458, -44.891705, 113.915108, 259.304230, 6782, 19782, -9094, 0.007400, -2.974200, 0.667700
7.949707, -3899.004639, -3877.492920, 196.771301, -44.872032, 113.856094, 248.523819, 6607, 20252, -8497, 0.007400, -2.974200, 0.667700
7.966064, -3899.732422, -3875.624023, 200.715012, -44.852360, 113.797081, 237.743423, 6409, 20703, -7922, 0.007400, -2.974200, 0.667700
7.982422, -3900.460449, -3873.755371, 204.474655, -44.832687, 113.738060, 226.963028, 6195, 21134, -7364, 0.007400, -2.974200, 0.667700
7.998779, -3901.188232, -3871.886230, 208.060181, -44.813015, 113.679047, 216.199600, 5958, 21543, -6830, 0.007400, -2.974200, 0.667700
8.015137, -3901.916016, -3870.017578, 211.471603, -44.793343, 113.620033, 205.438889, 5705, 21932, -6311, 0.007400, -2.974200, 0.667700
8.031494, -3902.644043, -3868.148682, 214.708923, -44.773670, 113.561012, 194.678162, 5436, 22301, -5809, 0.007400, -2.974200, 0.667700
8.047852, -3903.372070, -3866.279785, 217.766159, -44.753998, 113.501991, 183.923431, 5152, 22647, -5329, 0.007400, -2.974200, 0.667700
8.064209, -3904.099854, -3864.411133, 220.645599, -44.734325, 113.442978, 173.182373, 4854, 22975, -4865, 0.007400, -2.974200, 0.667700
8.080566, -3904.827637, -3862.541992, 223.350967, -44.714653, 113.383957, 162.441315, 4547, 23281, -4417, 0.007400, -2.974200, 0.667700
8.096924, -3905.555664, -3860.688232, 225.882202, -44.694981, 113.324944, 151.700256, 4226, 23572, -3984, 0.007400, -2.974200, 0.667700
8.113281, -3906.283447, -3858.839111, 228.239349, -44.675308, 113.265930, 140.973892, 3896, 23842, -3567, 0.007400, -2.974200, 0.667700
8.129639, -3907.011230, -3856.989746, 230.422394, -44.655636, 113.206909, 130.252502, 3556, 24094, -3165, 0.007400, -2.974200, 0.667700
8.145996, -3907.739258, -3855.140625, 232.421356, -44.635963, 113.147896, 119.531128, 3208, 24331, -2778, 0.007400, -2.974200, 0.667700
8.162354, -3908.467041, -3853.291504, 234.246201, -44.616291, 113.088875, 108.813446, 2852, 24552, -2398, 0.007400, -2.974200, 0.667700
8.178711, -3909.194824, -3851.442383, 235.896942, -44.596619, 113.029861, 98.111740, 2489, 24758, -2034, 0.007400, -2.974200, 0.667700
8.195068, -3909.922852, -3849.593018, 237.373596, -44.576946, 112.970840, 87.410027, 2118, 24948, -1677, 0.007400, -2.974200, 0.667700
8.211426, -3910.650635, -3847.743896, 238.676132, -44.557274, 112.911827, 76.708313, 1740, 25123, -1330, 0.007400, -2.974200, 0.667700
8.227783, -3911.378418, -3845.894775, 239.804581, -44.537601, 112.852814, 66.009003, 1357, 25282, -992, 0.007400, -2.974200, 0.667700
8.244141, -3912.106445, -3844.045654, 240.758926, -44.517933, 112.793793, 55.326962, 971, 25431, -661, 0.007400, -2.974200, 0.667700
8.260498, -3912.834473, -3842.196289, 241.537430, -44.498260, 112.734779, 44.644924, 577, 25567, -336, 0.007400, -2.974200, 0.667700
8.276855, -3913.562256, -3840.347168, 242.133896, -44.478588, 112.675758, 33.962883, 183, 25689, -13, 0.007400, -2.974200, 0.667700
8.293213, -3914.290039, -3838.497803, 242.556274, -44.458916, 112.616737, 23.291929, -218, 25802, 301, 0.007400, -2.974200, 0.667700
8.309570, -3915.018066, -3836.648682, 242.804535, -44.439243, 112.557724, 12.629563, -619, 25899, 616, 0.007400, -2.974200, 0.667700
8.325928, -3915.745850, -3834.799561, 242.878708, -44.419567, 112.498711, 1.967197, -1025, 25986, 923, 0.007400, -2.974200, 0.667700
8.342285, -3916.473633, -3832.950439, 242.778778, -44.399895, 112.439690, -8.695070, -1434, 26060, 1230, 0.007400, -2.974200, 0.667700
8.358643, -3917.201660, -3831.101074, 242.503616, -44.380222, 112.380676, -19.337765, -1843, 26123, 1537, 0.007400, -2.974200, 0.667700
8.375000, -3917.929443, -3829.251953, 242.053833, -44.360554, 112.321663, -29.980459, -2252, 26175, 1844, 0.007400, -2.974200, 0.667700
8.391357, -3918.657227, -3827.402588, 241.429962, -44.340881, 112.262642, -40.623154, -2665, 26214, 2151, 0.007400, -2.974200, 0.667700
8.407715, -3919.385254, -3825.553711, 240.631989, -44.321209, 112.203621, -51.257057, -3082, 26243, 2458, 0.007400, -2.974200, 0.667700
8.424072, -3920.113037, -3823.712891, 239.659912, -44.301537, 112.144608, -61.880077, -3499, 26255, 2773, 0.007400, -2.974200, 0.667700
8.440430, -3920.840820, -3821.883301, 238.513733, -44.281864, 112.085587, -72.503105, -3917, 26253, 3090, 0.007400, -2.974200, 0.667700
8.456787, -3921.568848, -3820.053711, 237.193451, -44.262192, 112.026573, -83.126122, -4334, 26242, 3413, 0.007400, -2.974200, 0.667700
8.473145, -3922.296631, -3818.224365, 235.699081, -44.242519, 111.967560, -93.741669, -4751, 26216, 3738, 0.007400, -2.974200, 0.667700
8.489502, -3923.024658, -3816.394775, 234.030609, -44.222847, 111.908539, -104.345016, -5165, 26175, 4072, 0.007400, -2.974200, 0.667700
8.505859, -3923.752441, -3814.565430, 232.188019, -44.203175, 111.849525, -114.948364, -5574, 26116, 4419, 0.007400, -2.974200, 0.667700
8.522217, -3924.480225, -3812.735596, 230.171341, -44.183502, 111.790512, -125.551712, -5983, 26036, 4775, 0.007400, -2.974200, 0.667700
8.538574, -3925.208252, -3810.906250, 227.980560, -44.163830, 111.731491, -136.138901, -6393, 25940, 5146, 0.007400, -2.974200, 0.667700
8.554932, -3925.936035, -3809.076660, 225.615677, -44.144157, 111.672470, -146.722580, -6795, 25823, 5534, 0.007400, -2.974200, 0.667700
8.571289, -3926.663818, -3807.247070, 223.076706, -44.124485, 111.613457, -157.306259, -7197, 25683, 5936, 0.007400, -2.974200, 0.667700
8.587646, -3927.391846, -3805.417725, 220.363617, -44.104813, 111.554443, -167.884750, -7592, 25517, 6360, 0.007400, -2.974200, 0.667700
8.604004, -3928.119629, -3803.588135, 217.476440, -44.085140, 111.495422, -178.448746, -7984, 25320, 6810, 0.007400, -2.974200, 0.667700
8.620361, -3928.847412, -3801.758545, 214.425140, -44.065468, 111.436409, -189.012756, -8367, 25093, 7290, 0.007400, -2.974200, 0.667700
8.636719, -3929.575439, -3799.928955, 211.199768, -44.045799, 111.377396, -199.576767, -8744, 24832, 7796, 0.007400, -2.974200, 0.667700
8.653076, -3930.303223, -3798.099609, 207.800278, -44.026123, 111.318367, -210.136902, -9108, 24533, 8340, 0.007400, -2.974200, 0.667700
8.669434, -3931.031250, -3796.270020, 204.226700, -44.006451, 111.259354, -220.681229, -9463, 24190, 8926, 0.007400, -2.974200, 0.667700
8.685791, -3931.759033, -3794.440430, 200.479004, -43.986778, 111.200340, -231.225571, -9803, 23800, 9551, 0.007400, -2.974200, 0.667700
8.702148, -3932.486816, -3792.611084, 196.557220, -43.967106, 111.141319, -241.769897, -10127, 23355, 10234, 0.007400, -2.974200, 0.667700
8.718506, -3933.214844, -3790.781494, 192.461334, -43.947437, 111.082306, -252.301666, -10435, 22850, 10974, 0.007400, -2.974200, 0.667700
8.734863, -3933.942627, -3788.951904, 188.193588, -43.927765, 111.023293, -262.826324, -10719, 22283, 11770, 0.007400, -2.974200, 0.667700
8.751221, -3934.670410, -3787.132324, 183.759155, -43.908092, 110.964272, -273.350983, -10980, 21647, 12634, 0.007400, -2.974200, 0.667700
8.767578, -3935.398438, -3785.314453, 179.150635, -43.888420, 110.905251, -283.874054, -11214, 20940, 13566, 0.007400, -2.974200, 0.667700
8.783936, -3936.126221, -3783.504639, 174.368011, -43.868748, 110.846237, -294.379059, -11416, 20164, 14571, 0.007400, -2.974200, 0.667700
8.800293, -3936.854004, -3781.694824, 169.411301, -43.849075, 110.787224, -304.884033, -11579, 19319, 15646, 0.007400, -2.974200, 0.667700
8.816650, -3937.571289, -3779.885010, 164.280487, -43.829399, 110.728203, -315.389038, -11699, 18420, 16771, 0.007400, -2.974200, 0.667700
8.833008, -3938.279785, -3778.074951, 158.985550, -43.809727, 110.669189, -325.893768, -11777, 17475, 17947, 0.007400, -2.974200, 0.667700
8.849365, -3938.987793, -3776.265381, 153.516251, -43.790058, 110.610176, -336.379089, -11812, 16511, 19139, 0.007400, -2.974200, 0.667700
8.865723, -3939.696045, -3774.455322, 147.871475, -43.770386, 110.551155, -346.864380, -11793, 15539, 20335, 0.007400, -2.974200, 0.667700
8.882080, -3937.125732, -3772.028320, 147.568558, 160.832855, 148.942856, -14.053996, -11958, 15824, 20175, -0.940800, 0.530200, 0.840300
8.898438, -3934.489502, -3769.589111, 147.201859, 160.754166, 148.864166, -24.696693, -12123, 16158, 19969, -0.940800, 0.530200, 0.840300
8.914795, -3931.853271, -3767.149658, 146.661072, 160.675476, 148.785477, -35.339386, -12289, 16510, 19743, -0.940800, 0.530200, 0.840300
8.931152, -3929.217285, -3764.710449, 145.946167, 160.596786, 148.706787, -45.982079, -12450, 16886, 19486, -0.940800, 0.530200, 0.840300
8.947510, -3926.581055, -3762.270996, 145.057159, 160.518097, 148.628098, -56.606796, -12608, 17289, 19200, -0.940800, 0.530200, 0.840300
8.963867, -3923.945068, -3759.831543, 143.994080, 160.439407, 148.549408, -67.229820, -12762, 17718, 18890, -0.940800, 0.530200, 0.840300
8.980225, -3921.309082, -3757.392090, 142.756866, 160.360718, 148.470718, -77.852844, -12912, 18179, 18548, -0.940800, 0.530200, 0.840300
8.996582, -3918.673096, -3754.952881, 141.345566, 160.282028, 148.392029, -88.475868, -13055, 18677, 18166, -0.940800, 0.530200, 0.840300
9.012939, -3916.043457, -3752.513428, 139.760162, 160.203339, 148.313339, -99.082222, -13190, 19209, 17752, -0.940800, 0.530200, 0.840300
9.029297, -3913.417236, -3750.074219, 138.000671, 160.124649, 148.234650, -109.685570, -13321, 19781, 17298, -0.940800, 0.530200, 0.840300
9.045654, -3910.800781, -3747.640869, 136.067062, 160.045959, 148.155960, -120.288925, -13444, 20397, 16800, -0.940800, 0.530200, 0.840300
9.062012, -3908.184326, -3745.221191, 133.959366, 159.967270, 148.077271, -130.886581, -13556, 21060, 16254, -0.940800, 0.530200, 0.840300
9.078369, -3905.567871, -3742.801514, 131.687561, 159.888580, 147.998581, -141.470276, -13658, 21769, 15664, -0.940800, 0.530200, 0.840300
9.094727, -3902.951416, -3740.381836, 129.241653, 159.809891, 147.919891, -152.053940, -13751, 22525, 15026, -0.940800, 0.530200, 0.840300
9.111084, -3900.334961, -3737.961914, 126.621643, 159.731201, 147.841202, -162.637619, -13829, 23328, 14340, -0.940800, 0.530200, 0.840300
9.127441, -3897.718506, -3735.542236, 123.827538, 159.652512, 147.762512, -173.206940, -13893, 24171, 13618, -0.940800, 0.530200, 0.840300
9.143799, -3895.102295, -3733.122559, 120.859337, 159.573822, 147.683823, -183.770935, -13946, 25051, 12856, -0.940800, 0.530200, 0.840300
9.160156, -3892.485840, -3730.702881, 117.717026, 159.495132, 147.605133, -194.334946, -13985, 25961, 12062, -0.940800, 0.530200, 0.840300
9.176514, -3889.869385, -3728.283447, 114.400620, 159.416443, 147.526443, -204.898956, -14002, 26889, 11252, -0.940800, 0.530200, 0.840300
9.192871, -3887.252930, -3725.863770, 110.910110, 159.337753, 147.447754, -215.449905, -14003, 27826, 10434, -0.940800, 0.530200, 0.840300
9.209229, -3884.636719, -3723.443848, 107.245499, 159.259064, 147.369064, -225.994232, -13989, 28756, 9620, -0.940800, 0.530200, 0.840300
9.225586, -3882.020264, -3721.024170, 103.406784, 159.180389, 147.290390, -236.538574, -13960, 29670, 8826, -0.940800, 0.530200, 0.840300
9.241943, -3879.053467, -3718.604492, 102.304359, 194.099625, 147.291702, 41.762566, -13779, 30853, 7756, -1.354700, 1.923600, 0.890100
9.258301, -3875.866699, -3716.184814, 102.858467, 194.001251, 147.213013, 31.082272, -13485, 32009, 6710, -1.354700, 1.923600, 0.890100
9.274658, -3872.679688, -3713.765137, 103.238472, 193.902893, 147.134308, 20.419905, -13165, -32582, 5876, -1.354700, 1.923600, 0.890100
9.291016, -3869.492920, -3711.345459, 103.444366, 193.804535, 147.055618, 9.757539, -12829, -31800, 5207, -1.354700, 1.923600, 0.890100
9.307373, -3866.316650, -3708.926514, 103.476166, 193.706161, 146.976929, -0.904827, -12478, -31144, 4669, -1.354700, 1.923600, 0.890100
9.323730, -3863.149414, -3706.526367, 103.333870, 193.607819, 146.898239, -11.566756, -12116, -30589, 4234, -1.354700, 1.923600, 0.890100
9.340088, -3859.982422, -3704.126465, 103.017471, 193.509445, 146.819550, -22.209450, -11746, -30109, 3872, -1.354700, 1.923600, 0.890100
9.356445, -3856.815186, -3701.726562, 102.525879, 193.411072, 146.740860, -32.852146, -11368, -29692, 3571, -1.354700, 1.923600, 0.890100
9.372803, -3853.647705, -3699.326660, 101.859634, 193.312729, 146.662186, -43.494843, -10987, -29326, 3324, -1.354700, 1.923600, 0.890100
9.389160, -3850.480469, -3696.926270, 101.010170, 193.214355, 146.583496, -54.128410, -10601, -28998, 3114, -1.354700, 1.923600, 0.890100
9.405518, -3847.313232, -3694.526367, 99.986053, 193.115997, 146.504807, -64.751434, -10216, -28701, 2936, -1.354700, 1.923600, 0.890100
9.421875, -3844.145996, -3692.126465, 98.796310, 193.017639, 146.426117, -75.374451, -9823, -28432, 2790, -1.354700, 1.923600, 0.890100
9.438232, -3840.978760, -3689.726562, 97.433662, 192.919266, 146.347427, -85.997475, -9429, -28183, 2668, -1.354700, 1.923600, 0.890100
9.454590, -3837.811523, -3687.326416, 95.896927, 192.820923, 146.268738, -96.602684, -9036, -27956, 2566, -1.354700, 1.923600, 0.890100
9.470947, -3834.644287, -3684.926270, 94.186081, 192.722549, 146.190048, -107.206032, -8642, -27743, 2480, -1.354700, 1.923600, 0.890100
9.487305, -3831.455566, -3682.547852, 93.282089, 195.316452, 143.404770, 0.256287, -8232, -27537, 2401, -1.457020, 2.065015, 0.895685
9.503662, -3828.229492, -3680.206787, 93.918137, 196.285828, 142.252670, 36.409935, -7791, -27342, 2338, -1.497600, 2.121100, 0.897900
9.520020, -3825.003174, -3677.865967, 94.380096, 196.187469, 142.173981, 25.734402, -7350, -27156, 2284, -1.497600, 2.121100, 0.897900
9.536377, -3821.792969, -3675.541016, 94.667946, 196.089111, 142.095291, 15.072032, -6910, -26981, 2245, -1.497600, 2.121100, 0.897900
9.552734, -3818.586426, -3673.219727, 94.781700, 195.990753, 142.016602, 4.409666, -6469, -26814, 2214, -1.497600, 2.121100, 0.897900
9.569092, -3815.379883, -3670.898193, 94.721344, 195.892395, 141.937912, -6.252700, -6028, -26651, 2192, -1.497600, 2.121100, 0.897900
9.585449, -3812.173340, -3668.577148, 94.486893, 195.794022, 141.859222, -16.899874, -5588, -26494, 2179, -1.497600, 2.121100, 0.897900
9.601807, -3808.966797, -3666.255615, 94.078346, 195.695663, 141.780533, -27.542568, -5147, -26343, 2176, -1.497600, 2.121100, 0.897900
9.618164, -3805.760254, -3663.934570, 93.495697, 195.597305, 141.701843, -38.185261, -4706, -26193, 2179, -1.497600, 2.121100, 0.897900
9.634521, -3802.557861, -3661.617188, 93.016846, 195.267349, 141.029449, -15.193321, -4264, -26044, 2186, -1.513895, 2.127416, 0.897900
9.650879, -3799.370850, -3659.315674, 93.394356, 194.850586, 140.134460, 20.395464, -3816, -25900, 2199, -1.536300, 2.136100, 0.897900
9.667236, -3796.184082, -3657.013916, 93.597771, 194.752213, 140.055771, 9.733097, -3367, -25758, 2217, -1.536300, 2.136100, 0.897900
9.683594, -3792.997070, -3654.712158, 93.627090, 194.653854, 139.977081, -0.929270, -2918, -25617, 2242, -1.536300, 2.136100, 0.897900
9.699951, -3789.810303, -3652.410645, 93.482300, 194.555496, 139.898407, -11.588736, -2470, -25475, 2273, -1.536300, 2.136100, 0.897900
9.716309, -3786.623291, -3650.109131, 93.163414, 194.457138, 139.819717, -22.231434, -2021, -25333, 2310, -1.536300, 2.136100, 0.897900
9.732666, -3783.436279, -3647.807373, 93.150200, 194.518784, 139.871017, 14.533628, -1578, -25192, 2349, -1.532900, 2.131800, 0.897900
9.749023, -3780.249268, -3645.507568, 93.259995, 194.420410, 139.792328, 3.871261, -1137, -25050, 2397, -1.532900, 2.131800, 0.897900
9.765381, -3777.062500, -3643.225586, 93.195702, 194.322052, 139.713638, -6.791105, -696, -24904, 2448, -1.532900, 2.131800, 0.897900
9.781738, -3773.875488, -3640.943604, 93.181259, 194.313690, 139.704941, 6.126528, -256, -24754, 2508, -1.531100, 2.129500, 0.897900
9.798096, -3770.688721, -3638.661865, 93.152527, 194.215332, 139.626251, -4.535838, 185, -24605, 2571, -1.531100, 2.129500, 0.897900
9.814453, -3767.501709, -3636.379639, 93.129997, 194.176971, 139.597565, 5.341793, 626, -24451, 2642, -1.529900, 2.128000, 0.897900
9.830811, -3764.314941, -3634.097656, 93.129997, 194.108887, 139.549164, 0.000000, 1066, -24294, 2721, -1.529292, 2.127189, 0.897900
9.847168, -3761.127930, -3631.815674, 93.129997, 194.030197, 139.500107, 0.000000, 1499, -24132, 2808, -1.528702, 2.126402, 0.897900
9.863525, -3757.941162, -3629.533691, 93.129997, 193.961502, 139.450760, 0.000000, 1932, -23967, 2898, -1.528211, 2.125615, 0.897900
9.879883, -3754.754150, -3627.251709, 93.129997, 193.892822, 139.392120, 0.000000, 2365, -23794, 3000, -1.527621, 2.124921, 0.897900
9.896240, -3751.567383, -3624.969727, 93.129997, 193.833099, 139.343094, 0.000000, 2797, -23617, 3105, -1.527121, 2.124141, 0.897900
9.912598, -3748.380371, -3622.687988, 93.129997, 193.764084, 139.294083, 0.000000, 3227, -23433, 3223, -1.526541, 2.123454, 0.897900
9.928955, -3745.211670, -3620.405762, 93.129997, 193.695068, 139.245056, 0.000000, 3652, -23241, 3351, -1.526034, 2.122667, 0.897900
9.945312, -3742.044678, -3618.123779, 93.129997, 193.626038, 139.196045, 0.000000, 4077, -23041, 3488, -1.525460, 2.121881, 0.897900
9.961670, -3738.877441, -3615.841797, 93.129997, 193.557037, 139.147034, 0.000000, 4498, -22829, 3637, -1.524947, 2.121194, 0.897900
9.978027, -3735.710205, -3613.559814, 93.129997, 193.490677, 139.098007, 0.000000, 4916, -22607, 3797, -1.524380, 2.120480, 0.897900
9.994385, -3732.542725, -3611.277832, 93.129997, 193.421982, 139.048996, 0.000000, 5330, -22369, 3971, -1.523860, 2.119720, 0.897900
10.010742, -3729.375488, -3608.995850, 93.129997, 193.353302, 138.999969, 0.000000, 5739, -22123, 4162, -1.523300, 2.118933, 0.897900
